"filename", "language", "C++", "C", "Makefile", "comment", "blank", "total"
"/home/kid-a/homeworks/compiler/lab2/.history/model/ll1/ll1_20250414111118.cpp", "C++", 0, 0, 0, 0, 1, 1
"/home/kid-a/homeworks/compiler/lab2/.history/model/ll1/ll1_20250414111124.h", "C", 0, 0, 0, 0, 1, 1
"/home/kid-a/homeworks/compiler/lab2/.history/model/ll1/ll1_20250414111135.h", "C", 0, 1, 0, 0, 2, 3
"/home/kid-a/homeworks/compiler/lab2/.history/model/ll1/ll1_20250414111143.h", "C", 0, 1, 0, 0, 2, 3
"/home/kid-a/homeworks/compiler/lab2/.history/model/ll1/ll1_20250414111148.h", "C", 0, 1, 0, 0, 2, 3
"/home/kid-a/homeworks/compiler/lab2/.history/model/ll1/ll1_20250414111208.hpp", "C++", 1, 0, 0, 0, 2, 3
"/home/kid-a/homeworks/compiler/lab2/.history/model/ll1/ll1_20250414111209.h", "C", 0, 1, 0, 0, 2, 3
"/home/kid-a/homeworks/compiler/lab2/.history/model/ll1/ll1_20250414111231.hpp", "C++", 1, 0, 0, 0, 2, 3
"/home/kid-a/homeworks/compiler/lab2/.history/model/ll1/ll1_20250414111236.hpp", "C++", 0, 0, 0, 0, 2, 2
"/home/kid-a/homeworks/compiler/lab2/.history/model/ll1/ll1_20250414111241.hpp", "C++", 13, 0, 0, 1, 4, 18
"/home/kid-a/homeworks/compiler/lab2/.history/model/ll1/ll1_20250414111252.hpp", "C++", 0, 0, 0, 0, 2, 2
"/home/kid-a/homeworks/compiler/lab2/.history/model/ll1/ll1_20250414111328.cpp", "C++", 1, 0, 0, 0, 1, 2
"/home/kid-a/homeworks/compiler/lab2/.history/src/defs_20250414115326.h", "C", 0, 0, 0, 0, 1, 1
"/home/kid-a/homeworks/compiler/lab2/.history/src/defs_20250414115330.h", "C", 0, 5, 0, 0, 0, 5
"/home/kid-a/homeworks/compiler/lab2/.history/src/defs_20250414115333.h", "C", 0, 5, 0, 0, 2, 7
"/home/kid-a/homeworks/compiler/lab2/.history/src/defs_20250414115337.h", "C", 0, 6, 0, 0, 1, 7
"/home/kid-a/homeworks/compiler/lab2/.history/src/defs_20250414115349.h", "C", 0, 7, 0, 0, 2, 9
"/home/kid-a/homeworks/compiler/lab2/.history/src/defs_20250414115408.h", "C", 0, 12, 0, 0, 4, 16
"/home/kid-a/homeworks/compiler/lab2/.history/src/defs_20250414115409.h", "C", 0, 12, 0, 0, 3, 15
"/home/kid-a/homeworks/compiler/lab2/.history/src/defs_20250414115522.h", "C", 0, 12, 0, 0, 3, 15
"/home/kid-a/homeworks/compiler/lab2/.history/src/defs_20250414115525.h", "C", 0, 12, 0, 0, 3, 15
"/home/kid-a/homeworks/compiler/lab2/.history/src/defs_20250414115526.h", "C", 0, 12, 0, 0, 3, 15
"/home/kid-a/homeworks/compiler/lab2/.history/src/defs_20250414115528.h", "C", 0, 12, 0, 0, 3, 15
"/home/kid-a/homeworks/compiler/lab2/.history/src/defs_20250414115533.h", "C", 0, 12, 0, 0, 3, 15
"/home/kid-a/homeworks/compiler/lab2/.history/src/defs_20250414115547.h", "C", 0, 12, 0, 0, 3, 15
"/home/kid-a/homeworks/compiler/lab2/.history/src/defs_20250414115609.h", "C", 0, 12, 0, 0, 3, 15
"/home/kid-a/homeworks/compiler/lab2/.history/src/defs_20250414115611.h", "C", 0, 12, 0, 0, 3, 15
"/home/kid-a/homeworks/compiler/lab2/.history/src/defs_20250414115618.h", "C", 0, 13, 0, 0, 3, 16
"/home/kid-a/homeworks/compiler/lab2/.history/src/defs_20250414115622.h", "C", 0, 13, 0, 0, 3, 16
"/home/kid-a/homeworks/compiler/lab2/.history/src/defs_20250414115628.h", "C", 0, 14, 0, 0, 3, 17
"/home/kid-a/homeworks/compiler/lab2/.history/src/defs_20250414115632.h", "C", 0, 13, 0, 0, 4, 17
"/home/kid-a/homeworks/compiler/lab2/.history/src/defs_20250414115637.h", "C", 0, 13, 0, 0, 4, 17
"/home/kid-a/homeworks/compiler/lab2/.history/src/defs_20250414115640.h", "C", 0, 13, 0, 0, 4, 17
"/home/kid-a/homeworks/compiler/lab2/.history/src/defs_20250414120057.h", "C", 0, 14, 0, 0, 4, 18
"/home/kid-a/homeworks/compiler/lab2/.history/src/defs_20250414120122.h", "C", 0, 14, 0, 0, 5, 19
"/home/kid-a/homeworks/compiler/lab2/.history/src/defs_20250414120125.h", "C", 0, 15, 0, 0, 4, 19
"/home/kid-a/homeworks/compiler/lab2/.history/src/defs_20250414120129.h", "C", 0, 15, 0, 0, 4, 19
"/home/kid-a/homeworks/compiler/lab2/.history/src/defs_20250414120131.h", "C", 0, 15, 0, 0, 4, 19
"/home/kid-a/homeworks/compiler/lab2/.history/src/defs_20250414120141.h", "C", 0, 15, 0, 0, 4, 19
"/home/kid-a/homeworks/compiler/lab2/.history/src/defs_20250414120145.h", "C", 0, 15, 0, 0, 6, 21
"/home/kid-a/homeworks/compiler/lab2/.history/src/defs_20250414120151.h", "C", 0, 17, 0, 0, 6, 23
"/home/kid-a/homeworks/compiler/lab2/.history/src/defs_20250414120201.h", "C", 0, 17, 0, 0, 6, 23
"/home/kid-a/homeworks/compiler/lab2/.history/src/defs_20250414120206.h", "C", 0, 15, 0, 0, 4, 19
"/home/kid-a/homeworks/compiler/lab2/.history/src/defs_20250414120209.h", "C", 0, 15, 0, 0, 4, 19
"/home/kid-a/homeworks/compiler/lab2/.history/src/defs_20250414120225.h", "C", 0, 16, 0, 0, 5, 21
"/home/kid-a/homeworks/compiler/lab2/.history/src/defs_20250414120232.h", "C", 0, 16, 0, 0, 5, 21
"/home/kid-a/homeworks/compiler/lab2/.history/src/defs_20250414120235.h", "C", 0, 16, 0, 0, 4, 20
"/home/kid-a/homeworks/compiler/lab2/.history/src/defs_20250414120236.h", "C", 0, 16, 0, 0, 5, 21
"/home/kid-a/homeworks/compiler/lab2/.history/src/defs_20250414120237.h", "C", 0, 16, 0, 0, 6, 22
"/home/kid-a/homeworks/compiler/lab2/.history/src/defs_20250414120252.h", "C", 0, 16, 0, 0, 6, 22
"/home/kid-a/homeworks/compiler/lab2/.history/src/defs_20250414120255.h", "C", 0, 16, 0, 0, 6, 22
"/home/kid-a/homeworks/compiler/lab2/.history/src/defs_20250414120302.h", "C", 0, 16, 0, 0, 6, 22
"/home/kid-a/homeworks/compiler/lab2/.history/src/defs_20250414120304.h", "C", 0, 16, 0, 0, 6, 22
"/home/kid-a/homeworks/compiler/lab2/.history/src/defs_20250414120313.h", "C", 0, 16, 0, 0, 6, 22
"/home/kid-a/homeworks/compiler/lab2/.history/src/defs_20250414120450.h", "C", 0, 16, 0, 0, 6, 22
"/home/kid-a/homeworks/compiler/lab2/.history/src/defs_20250414120509.h", "C", 0, 16, 0, 0, 6, 22
"/home/kid-a/homeworks/compiler/lab2/.history/src/defs_20250414120515.h", "C", 0, 16, 0, 0, 6, 22
"/home/kid-a/homeworks/compiler/lab2/.history/src/defs_20250414120544.h", "C", 0, 16, 0, 0, 8, 24
"/home/kid-a/homeworks/compiler/lab2/.history/src/defs_20250414120547.h", "C", 0, 17, 0, 0, 7, 24
"/home/kid-a/homeworks/compiler/lab2/.history/src/defs_20250414120551.h", "C", 0, 17, 0, 0, 7, 24
"/home/kid-a/homeworks/compiler/lab2/.history/src/defs_20250414120554.h", "C", 0, 17, 0, 0, 7, 24
"/home/kid-a/homeworks/compiler/lab2/.history/src/defs_20250414120559.h", "C", 0, 17, 0, 0, 7, 24
"/home/kid-a/homeworks/compiler/lab2/.history/src/defs_20250414120601.h", "C", 0, 17, 0, 0, 7, 24
"/home/kid-a/homeworks/compiler/lab2/.history/src/defs_20250414120605.h", "C", 0, 17, 0, 0, 7, 24
"/home/kid-a/homeworks/compiler/lab2/.history/src/defs_20250414120608.h", "C", 0, 17, 0, 0, 7, 24
"/home/kid-a/homeworks/compiler/lab2/.history/src/defs_20250414120613.h", "C", 0, 17, 0, 0, 7, 24
"/home/kid-a/homeworks/compiler/lab2/.history/src/defs_20250414120614.h", "C", 0, 17, 0, 0, 7, 24
"/home/kid-a/homeworks/compiler/lab2/.history/src/defs_20250414120615.h", "C", 0, 17, 0, 0, 7, 24
"/home/kid-a/homeworks/compiler/lab2/.history/src/defs_20250414120616.h", "C", 0, 17, 0, 0, 7, 24
"/home/kid-a/homeworks/compiler/lab2/.history/src/defs_20250414120644.h", "C", 0, 18, 0, 0, 7, 25
"/home/kid-a/homeworks/compiler/lab2/.history/src/defs_20250414120646.h", "C", 0, 18, 0, 0, 7, 25
"/home/kid-a/homeworks/compiler/lab2/.history/src/defs_20250414120647.h", "C", 0, 18, 0, 0, 7, 25
"/home/kid-a/homeworks/compiler/lab2/.history/src/defs_20250414120944.h", "C", 0, 19, 0, 0, 7, 26
"/home/kid-a/homeworks/compiler/lab2/.history/src/defs_20250414120947.h", "C", 0, 18, 0, 0, 7, 25
"/home/kid-a/homeworks/compiler/lab2/.history/src/defs_20250414121132.h", "C", 0, 18, 0, 0, 7, 25
"/home/kid-a/homeworks/compiler/lab2/.history/src/defs_20250414121138.h", "C", 0, 18, 0, 0, 7, 25
"/home/kid-a/homeworks/compiler/lab2/.history/src/defs_20250414121213.h", "C", 0, 18, 0, 0, 7, 25
"/home/kid-a/homeworks/compiler/lab2/.history/src/defs_20250414121215.h", "C", 0, 18, 0, 0, 7, 25
"/home/kid-a/homeworks/compiler/lab2/.history/src/defs_20250414121220.h", "C", 0, 18, 0, 0, 7, 25
"/home/kid-a/homeworks/compiler/lab2/.history/src/defs_20250414121528.h", "C", 0, 19, 0, 0, 7, 26
"/home/kid-a/homeworks/compiler/lab2/.history/src/defs_20250414121622.h", "C", 0, 19, 0, 0, 9, 28
"/home/kid-a/homeworks/compiler/lab2/.history/src/defs_20250414121626.h", "C", 0, 19, 0, 0, 9, 28
"/home/kid-a/homeworks/compiler/lab2/.history/src/defs_20250414121634.h", "C", 0, 21, 0, 0, 8, 29
"/home/kid-a/homeworks/compiler/lab2/.history/src/defs_20250414121640.h", "C", 0, 21, 0, 0, 8, 29
"/home/kid-a/homeworks/compiler/lab2/.history/src/defs_20250414121642.h", "C", 0, 22, 0, 0, 9, 31
"/home/kid-a/homeworks/compiler/lab2/.history/src/defs_20250414121645.h", "C", 0, 23, 0, 0, 9, 32
"/home/kid-a/homeworks/compiler/lab2/.history/src/defs_20250414121651.h", "C", 0, 23, 0, 0, 8, 31
"/home/kid-a/homeworks/compiler/lab2/.history/src/defs_20250414121653.h", "C", 0, 23, 0, 0, 8, 31
"/home/kid-a/homeworks/compiler/lab2/.history/src/defs_20250414121657.h", "C", 0, 23, 0, 0, 8, 31
"/home/kid-a/homeworks/compiler/lab2/.history/src/defs_20250414121700.h", "C", 0, 23, 0, 0, 8, 31
"/home/kid-a/homeworks/compiler/lab2/.history/src/defs_20250414121701.h", "C", 0, 23, 0, 0, 8, 31
"/home/kid-a/homeworks/compiler/lab2/.history/src/defs_20250414121703.h", "C", 0, 23, 0, 0, 8, 31
"/home/kid-a/homeworks/compiler/lab2/.history/src/defs_20250414121705.h", "C", 0, 24, 0, 0, 9, 33
"/home/kid-a/homeworks/compiler/lab2/.history/src/defs_20250414121709.h", "C", 0, 24, 0, 0, 9, 33
"/home/kid-a/homeworks/compiler/lab2/.history/src/defs_20250414121715.h", "C", 0, 25, 0, 0, 8, 33
"/home/kid-a/homeworks/compiler/lab2/.history/src/defs_20250414121716.h", "C", 0, 25, 0, 0, 8, 33
"/home/kid-a/homeworks/compiler/lab2/.history/src/defs_20250414121717.h", "C", 0, 25, 0, 0, 8, 33
"/home/kid-a/homeworks/compiler/lab2/.history/src/defs_20250414121723.h", "C", 0, 25, 0, 0, 8, 33
"/home/kid-a/homeworks/compiler/lab2/.history/src/defs_20250414121724.h", "C", 0, 25, 0, 0, 8, 33
"/home/kid-a/homeworks/compiler/lab2/.history/src/defs_20250414121732.h", "C", 0, 25, 0, 0, 8, 33
"/home/kid-a/homeworks/compiler/lab2/.history/src/defs_20250414121742.h", "C", 0, 25, 0, 0, 8, 33
"/home/kid-a/homeworks/compiler/lab2/.history/src/defs_20250414121744.h", "C", 0, 25, 0, 0, 9, 34
"/home/kid-a/homeworks/compiler/lab2/.history/src/defs_20250414121746.h", "C", 0, 26, 0, 0, 8, 34
"/home/kid-a/homeworks/compiler/lab2/.history/src/defs_20250414121750.h", "C", 0, 26, 0, 0, 9, 35
"/home/kid-a/homeworks/compiler/lab2/.history/src/defs_20250414121752.h", "C", 0, 27, 0, 0, 8, 35
"/home/kid-a/homeworks/compiler/lab2/.history/src/defs_20250414121753.h", "C", 0, 27, 0, 0, 8, 35
"/home/kid-a/homeworks/compiler/lab2/.history/src/defs_20250414121755.h", "C", 0, 27, 0, 0, 8, 35
"/home/kid-a/homeworks/compiler/lab2/.history/src/defs_20250414121809.h", "C", 0, 28, 0, 0, 9, 37
"/home/kid-a/homeworks/compiler/lab2/.history/src/defs_20250414121810.h", "C", 0, 28, 0, 0, 9, 37
"/home/kid-a/homeworks/compiler/lab2/.history/src/defs_20250414121819.h", "C", 0, 28, 0, 0, 9, 37
"/home/kid-a/homeworks/compiler/lab2/.history/src/defs_20250414121821.h", "C", 0, 28, 0, 0, 9, 37
"/home/kid-a/homeworks/compiler/lab2/.history/src/defs_20250414121836.h", "C", 0, 28, 0, 0, 9, 37
"/home/kid-a/homeworks/compiler/lab2/.history/src/defs_20250414121838.h", "C", 0, 28, 0, 0, 9, 37
"/home/kid-a/homeworks/compiler/lab2/.history/src/defs_20250414121840.h", "C", 0, 28, 0, 0, 9, 37
"/home/kid-a/homeworks/compiler/lab2/.history/src/defs_20250414121844.h", "C", 0, 28, 0, 0, 9, 37
"/home/kid-a/homeworks/compiler/lab2/.history/src/defs_20250414121846.h", "C", 0, 28, 0, 0, 9, 37
"/home/kid-a/homeworks/compiler/lab2/.history/src/defs_20250414121849.h", "C", 0, 29, 0, 0, 9, 38
"/home/kid-a/homeworks/compiler/lab2/.history/src/defs_20250414121857.h", "C", 0, 30, 0, 0, 10, 40
"/home/kid-a/homeworks/compiler/lab2/.history/src/defs_20250414121859.h", "C", 0, 31, 0, 0, 9, 40
"/home/kid-a/homeworks/compiler/lab2/.history/src/defs_20250414121902.h", "C", 0, 31, 0, 0, 9, 40
"/home/kid-a/homeworks/compiler/lab2/.history/src/defs_20250414121908.h", "C", 0, 32, 0, 0, 9, 41
"/home/kid-a/homeworks/compiler/lab2/.history/src/defs_20250414121926.h", "C", 0, 25, 0, 0, 8, 33
"/home/kid-a/homeworks/compiler/lab2/.history/src/defs_20250414202614.h", "C", 0, 25, 0, 0, 10, 35
"/home/kid-a/homeworks/compiler/lab2/.history/src/defs_20250414202620.h", "C", 0, 26, 0, 0, 9, 35
"/home/kid-a/homeworks/compiler/lab2/.history/src/defs_20250414202629.h", "C", 0, 26, 0, 0, 9, 35
"/home/kid-a/homeworks/compiler/lab2/.history/src/defs_20250414203626.h", "C", 0, 26, 0, 0, 10, 36
"/home/kid-a/homeworks/compiler/lab2/.history/src/defs_20250414203628.h", "C", 0, 26, 0, 0, 9, 35
"/home/kid-a/homeworks/compiler/lab2/.history/src/defs_20250414203633.h", "C", 0, 27, 0, 0, 9, 36
"/home/kid-a/homeworks/compiler/lab2/.history/src/defs_20250414203634.h", "C", 0, 27, 0, 0, 9, 36
"/home/kid-a/homeworks/compiler/lab2/.history/src/defs_20250414203639.h", "C", 0, 27, 0, 0, 9, 36
"/home/kid-a/homeworks/compiler/lab2/.history/src/defs_20250414203642.h", "C", 0, 27, 0, 0, 9, 36
"/home/kid-a/homeworks/compiler/lab2/.history/src/defs_20250414203645.h", "C", 0, 27, 0, 0, 9, 36
"/home/kid-a/homeworks/compiler/lab2/.history/src/defs_20250414203650.h", "C", 0, 27, 0, 0, 9, 36
"/home/kid-a/homeworks/compiler/lab2/.history/src/defs_20250414203654.h", "C", 0, 27, 0, 0, 9, 36
"/home/kid-a/homeworks/compiler/lab2/.history/src/defs_20250414203656.h", "C", 0, 27, 0, 0, 9, 36
"/home/kid-a/homeworks/compiler/lab2/.history/src/defs_20250414203659.h", "C", 0, 27, 0, 0, 9, 36
"/home/kid-a/homeworks/compiler/lab2/.history/src/defs_20250414203708.h", "C", 0, 27, 0, 0, 9, 36
"/home/kid-a/homeworks/compiler/lab2/.history/src/defs_20250414203710.h", "C", 0, 27, 0, 0, 9, 36
"/home/kid-a/homeworks/compiler/lab2/.history/src/defs_20250414203712.h", "C", 0, 27, 0, 0, 9, 36
"/home/kid-a/homeworks/compiler/lab2/.history/src/defs_20250414203923.h", "C", 0, 27, 0, 0, 9, 36
"/home/kid-a/homeworks/compiler/lab2/.history/src/defs_20250414203924.h", "C", 0, 27, 0, 0, 9, 36
"/home/kid-a/homeworks/compiler/lab2/.history/src/defs_20250414203947.h", "C", 0, 27, 0, 0, 9, 36
"/home/kid-a/homeworks/compiler/lab2/.history/src/defs_20250414204502.h", "C", 0, 26, 0, 0, 9, 35
"/home/kid-a/homeworks/compiler/lab2/.history/src/defs_20250414204504.h", "C", 0, 25, 0, 0, 9, 34
"/home/kid-a/homeworks/compiler/lab2/.history/src/defs_20250414204507.h", "C", 0, 25, 0, 0, 9, 34
"/home/kid-a/homeworks/compiler/lab2/.history/src/defs_20250414204509.h", "C", 0, 25, 0, 0, 9, 34
"/home/kid-a/homeworks/compiler/lab2/.history/src/defs_20250414204516.h", "C", 0, 25, 0, 0, 9, 34
"/home/kid-a/homeworks/compiler/lab2/.history/src/defs_20250414204524.h", "C", 0, 25, 0, 0, 11, 36
"/home/kid-a/homeworks/compiler/lab2/.history/src/defs_20250414204527.h", "C", 0, 26, 0, 0, 10, 36
"/home/kid-a/homeworks/compiler/lab2/.history/src/defs_20250414204534.h", "C", 0, 26, 0, 0, 10, 36
"/home/kid-a/homeworks/compiler/lab2/.history/src/defs_20250414204535.h", "C", 0, 27, 0, 0, 11, 38
"/home/kid-a/homeworks/compiler/lab2/.history/src/defs_20250414204539.h", "C", 0, 28, 0, 0, 10, 38
"/home/kid-a/homeworks/compiler/lab2/.history/src/defs_20250414204540.h", "C", 0, 28, 0, 0, 10, 38
"/home/kid-a/homeworks/compiler/lab2/.history/src/defs_20250414204547.h", "C", 0, 28, 0, 0, 10, 38
"/home/kid-a/homeworks/compiler/lab2/.history/src/defs_20250414204549.h", "C", 0, 28, 0, 0, 10, 38
"/home/kid-a/homeworks/compiler/lab2/.history/src/defs_20250414204552.h", "C", 0, 28, 0, 0, 10, 38
"/home/kid-a/homeworks/compiler/lab2/.history/src/defs_20250414204554.h", "C", 0, 28, 0, 0, 10, 38
"/home/kid-a/homeworks/compiler/lab2/.history/src/defs_20250414204558.h", "C", 0, 28, 0, 0, 10, 38
"/home/kid-a/homeworks/compiler/lab2/.history/src/defs_20250414204559.h", "C", 0, 28, 0, 0, 10, 38
"/home/kid-a/homeworks/compiler/lab2/.history/src/defs_20250414204611.h", "C", 0, 28, 0, 0, 10, 38
"/home/kid-a/homeworks/compiler/lab2/.history/src/defs_20250414204616.h", "C", 0, 27, 0, 0, 10, 37
"/home/kid-a/homeworks/compiler/lab2/.history/src/defs_20250414204617.h", "C", 0, 26, 0, 0, 10, 36
"/home/kid-a/homeworks/compiler/lab2/.history/src/defs_20250414204619.h", "C", 0, 26, 0, 0, 10, 36
"/home/kid-a/homeworks/compiler/lab2/.history/src/defs_20250414204702.h", "C", 0, 25, 0, 0, 9, 34
"/home/kid-a/homeworks/compiler/lab2/.history/src/defs_20250414211950.h", "C", 0, 25, 0, 0, 9, 34
"/home/kid-a/homeworks/compiler/lab2/.history/src/defs_20250414211951.h", "C", 0, 25, 0, 0, 9, 34
"/home/kid-a/homeworks/compiler/lab2/.history/src/defs_20250414211954.h", "C", 0, 25, 0, 0, 9, 34
"/home/kid-a/homeworks/compiler/lab2/.history/src/defs_20250414211956.h", "C", 0, 25, 0, 0, 9, 34
"/home/kid-a/homeworks/compiler/lab2/.history/src/defs_20250414211959.h", "C", 0, 25, 0, 0, 9, 34
"/home/kid-a/homeworks/compiler/lab2/.history/src/defs_20250414212001.h", "C", 0, 25, 0, 0, 9, 34
"/home/kid-a/homeworks/compiler/lab2/.history/src/defs_20250414212006.h", "C", 0, 25, 0, 0, 9, 34
"/home/kid-a/homeworks/compiler/lab2/.history/src/defs_20250414212016.h", "C", 0, 26, 0, 0, 9, 35
"/home/kid-a/homeworks/compiler/lab2/.history/src/defs_20250414212018.h", "C", 0, 26, 0, 0, 9, 35
"/home/kid-a/homeworks/compiler/lab2/.history/src/defs_20250414213927.h", "C", 0, 26, 0, 0, 9, 35
"/home/kid-a/homeworks/compiler/lab2/.history/src/defs_20250414213929.h", "C", 0, 26, 0, 0, 9, 35
"/home/kid-a/homeworks/compiler/lab2/.history/src/defs_20250414213932.h", "C", 0, 26, 0, 0, 9, 35
"/home/kid-a/homeworks/compiler/lab2/.history/src/defs_20250414213934.h", "C", 0, 26, 0, 0, 9, 35
"/home/kid-a/homeworks/compiler/lab2/.history/src/defs_20250414213937.h", "C", 0, 26, 0, 0, 9, 35
"/home/kid-a/homeworks/compiler/lab2/.history/src/defs_20250414213942.h", "C", 0, 26, 0, 0, 9, 35
"/home/kid-a/homeworks/compiler/lab2/.history/src/defs_20250414214024.h", "C", 0, 26, 0, 0, 9, 35
"/home/kid-a/homeworks/compiler/lab2/.history/src/defs_20250414214043.h", "C", 0, 26, 0, 0, 9, 35
"/home/kid-a/homeworks/compiler/lab2/.history/src/defs_20250414214059.h", "C", 0, 26, 0, 0, 9, 35
"/home/kid-a/homeworks/compiler/lab2/.history/src/defs_20250414214101.h", "C", 0, 26, 0, 0, 9, 35
"/home/kid-a/homeworks/compiler/lab2/.history/src/defs_20250414214104.h", "C", 0, 24, 0, 0, 10, 34
"/home/kid-a/homeworks/compiler/lab2/.history/src/defs_20250414214105.h", "C", 0, 24, 0, 0, 9, 33
"/home/kid-a/homeworks/compiler/lab2/.history/src/defs_20250414214108.h", "C", 0, 26, 0, 0, 10, 36
"/home/kid-a/homeworks/compiler/lab2/.history/src/defs_20250414214111.h", "C", 0, 26, 0, 0, 10, 36
"/home/kid-a/homeworks/compiler/lab2/.history/src/defs_20250414214113.h", "C", 0, 26, 0, 0, 10, 36
"/home/kid-a/homeworks/compiler/lab2/.history/src/defs_20250414214117.h", "C", 0, 26, 0, 0, 10, 36
"/home/kid-a/homeworks/compiler/lab2/.history/src/defs_20250414214123.h", "C", 0, 26, 0, 0, 10, 36
"/home/kid-a/homeworks/compiler/lab2/.history/src/defs_20250414214127.h", "C", 0, 26, 0, 0, 10, 36
"/home/kid-a/homeworks/compiler/lab2/.history/src/defs_20250414214130.h", "C", 0, 26, 0, 0, 10, 36
"/home/kid-a/homeworks/compiler/lab2/.history/src/defs_20250414214305.h", "C", 0, 26, 0, 0, 12, 38
"/home/kid-a/homeworks/compiler/lab2/.history/src/defs_20250414214308.h", "C", 0, 27, 0, 0, 11, 38
"/home/kid-a/homeworks/compiler/lab2/.history/src/defs_20250414214312.h", "C", 0, 27, 0, 0, 11, 38
"/home/kid-a/homeworks/compiler/lab2/.history/src/defs_20250414214349.h", "C", 0, 27, 0, 0, 11, 38
"/home/kid-a/homeworks/compiler/lab2/.history/src/defs_20250414214354.h", "C", 0, 27, 0, 0, 11, 38
"/home/kid-a/homeworks/compiler/lab2/.history/src/defs_20250414214356.h", "C", 0, 27, 0, 0, 11, 38
"/home/kid-a/homeworks/compiler/lab2/.history/src/defs_20250414214405.h", "C", 0, 27, 0, 0, 11, 38
"/home/kid-a/homeworks/compiler/lab2/.history/src/defs_20250414214410.h", "C", 0, 27, 0, 0, 11, 38
"/home/kid-a/homeworks/compiler/lab2/.history/src/defs_20250414214418.h", "C", 0, 27, 0, 0, 11, 38
"/home/kid-a/homeworks/compiler/lab2/.history/src/defs_20250414214421.h", "C", 0, 27, 0, 0, 11, 38
"/home/kid-a/homeworks/compiler/lab2/.history/src/defs_20250414214427.h", "C", 0, 27, 0, 0, 11, 38
"/home/kid-a/homeworks/compiler/lab2/.history/src/defs_20250414214429.h", "C", 0, 28, 0, 0, 11, 39
"/home/kid-a/homeworks/compiler/lab2/.history/src/defs_20250414214431.h", "C", 0, 28, 0, 0, 11, 39
"/home/kid-a/homeworks/compiler/lab2/.history/src/defs_20250414214434.h", "C", 0, 29, 0, 0, 11, 40
"/home/kid-a/homeworks/compiler/lab2/.history/src/defs_20250414214437.h", "C", 0, 30, 0, 0, 11, 41
"/home/kid-a/homeworks/compiler/lab2/.history/src/defs_20250414215152.h", "C", 0, 31, 0, 0, 11, 42
"/home/kid-a/homeworks/compiler/lab2/.history/src/defs_20250415090600.h", "C", 0, 32, 0, 0, 11, 43
"/home/kid-a/homeworks/compiler/lab2/.history/src/defs_20250415090603.h", "C", 0, 32, 0, 0, 11, 43
"/home/kid-a/homeworks/compiler/lab2/.history/src/defs_20250415090606.h", "C", 0, 31, 0, 1, 13, 45
"/home/kid-a/homeworks/compiler/lab2/.history/src/defs_20250415090617.h", "C", 0, 33, 0, 1, 13, 47
"/home/kid-a/homeworks/compiler/lab2/.history/src/defs_20250415090622.h", "C", 0, 34, 0, 1, 13, 48
"/home/kid-a/homeworks/compiler/lab2/.history/src/defs_20250415090630.h", "C", 0, 31, 0, 1, 13, 45
"/home/kid-a/homeworks/compiler/lab2/.history/src/defs_20250415090631.h", "C", 0, 31, 0, 1, 12, 44
"/home/kid-a/homeworks/compiler/lab2/.history/src/defs_20250415090632.h", "C", 0, 34, 0, 1, 14, 49
"/home/kid-a/homeworks/compiler/lab2/.history/src/defs_20250415090642.h", "C", 0, 35, 0, 1, 13, 49
"/home/kid-a/homeworks/compiler/lab2/.history/src/defs_20250415090646.h", "C", 0, 35, 0, 1, 11, 47
"/home/kid-a/homeworks/compiler/lab2/.history/src/defs_20250415090720.h", "C", 0, 35, 0, 1, 13, 49
"/home/kid-a/homeworks/compiler/lab2/.history/src/defs_20250415090723.h", "C", 0, 36, 0, 1, 12, 49
"/home/kid-a/homeworks/compiler/lab2/.history/src/defs_20250415090726.h", "C", 0, 36, 0, 1, 12, 49
"/home/kid-a/homeworks/compiler/lab2/.history/src/defs_20250415090752.h", "C", 0, 37, 0, 1, 12, 50
"/home/kid-a/homeworks/compiler/lab2/.history/src/defs_20250415090804.h", "C", 0, 37, 0, 1, 13, 51
"/home/kid-a/homeworks/compiler/lab2/.history/src/defs_20250415090806.h", "C", 0, 38, 0, 1, 12, 51
"/home/kid-a/homeworks/compiler/lab2/.history/src/defs_20250415090809.h", "C", 0, 39, 0, 1, 12, 52
"/home/kid-a/homeworks/compiler/lab2/.history/src/defs_20250415090837.h", "C", 0, 39, 0, 1, 12, 52
"/home/kid-a/homeworks/compiler/lab2/.history/src/defs_20250415090839.h", "C", 0, 39, 0, 1, 12, 52
"/home/kid-a/homeworks/compiler/lab2/.history/src/defs_20250415090841.h", "C", 0, 39, 0, 1, 12, 52
"/home/kid-a/homeworks/compiler/lab2/.history/src/defs_20250415090843.h", "C", 0, 39, 0, 1, 12, 52
"/home/kid-a/homeworks/compiler/lab2/.history/src/defs_20250415090847.h", "C", 0, 39, 0, 1, 12, 52
"/home/kid-a/homeworks/compiler/lab2/.history/src/defs_20250415090850.h", "C", 0, 39, 0, 1, 12, 52
"/home/kid-a/homeworks/compiler/lab2/.history/src/defs_20250415090856.h", "C", 0, 40, 0, 1, 13, 54
"/home/kid-a/homeworks/compiler/lab2/.history/src/defs_20250415090857.h", "C", 0, 40, 0, 1, 13, 54
"/home/kid-a/homeworks/compiler/lab2/.history/src/defs_20250415090907.h", "C", 0, 40, 0, 1, 13, 54
"/home/kid-a/homeworks/compiler/lab2/.history/src/defs_20250415090911.h", "C", 0, 40, 0, 1, 13, 54
"/home/kid-a/homeworks/compiler/lab2/.history/src/defs_20250415090914.h", "C", 0, 40, 0, 1, 13, 54
"/home/kid-a/homeworks/compiler/lab2/.history/src/defs_20250415090916.h", "C", 0, 40, 0, 1, 13, 54
"/home/kid-a/homeworks/compiler/lab2/.history/src/defs_20250415090922.h", "C", 0, 40, 0, 1, 13, 54
"/home/kid-a/homeworks/compiler/lab2/.history/src/defs_20250415090944.h", "C", 0, 40, 0, 1, 13, 54
"/home/kid-a/homeworks/compiler/lab2/.history/src/defs_20250415094733.h", "C", 0, 40, 0, 1, 13, 54
"/home/kid-a/homeworks/compiler/lab2/.history/src/defs_20250415094735.h", "C", 0, 40, 0, 1, 13, 54
"/home/kid-a/homeworks/compiler/lab2/.history/src/defs_20250415094746.h", "C", 0, 40, 0, 1, 13, 54
"/home/kid-a/homeworks/compiler/lab2/.history/src/defs_20250415094813.h", "C", 0, 41, 0, 1, 13, 55
"/home/kid-a/homeworks/compiler/lab2/.history/src/defs_20250415094815.h", "C", 0, 41, 0, 1, 13, 55
"/home/kid-a/homeworks/compiler/lab2/.history/src/defs_20250415094816.h", "C", 0, 41, 0, 1, 13, 55
"/home/kid-a/homeworks/compiler/lab2/.history/src/defs_20250415094821.h", "C", 0, 40, 0, 1, 13, 54
"/home/kid-a/homeworks/compiler/lab2/.history/src/defs_20250415095731.h", "C", 0, 50, 0, 1, 14, 65
"/home/kid-a/homeworks/compiler/lab2/.history/src/defs_20250415095735.h", "C", 0, 50, 0, 1, 14, 65
"/home/kid-a/homeworks/compiler/lab2/.history/src/defs_20250415095740.h", "C", 0, 50, 0, 1, 14, 65
"/home/kid-a/homeworks/compiler/lab2/.history/src/defs_20250415095743.h", "C", 0, 50, 0, 1, 14, 65
"/home/kid-a/homeworks/compiler/lab2/.history/src/defs_20250415102356.h", "C", 0, 51, 0, 1, 14, 66
"/home/kid-a/homeworks/compiler/lab2/.history/src/defs_20250415102400.h", "C", 0, 51, 0, 1, 14, 66
"/home/kid-a/homeworks/compiler/lab2/.history/src/defs_20250415102409.h", "C", 0, 50, 0, 1, 14, 65
"/home/kid-a/homeworks/compiler/lab2/.history/src/defs_20250415102433.h", "C", 0, 51, 0, 1, 14, 66
"/home/kid-a/homeworks/compiler/lab2/.history/src/defs_20250415102943.h", "C", 0, 52, 0, 1, 14, 67
"/home/kid-a/homeworks/compiler/lab2/.history/src/defs_20250415102946.h", "C", 0, 52, 0, 1, 14, 67
"/home/kid-a/homeworks/compiler/lab2/.history/src/defs_20250415102952.h", "C", 0, 52, 0, 1, 14, 67
"/home/kid-a/homeworks/compiler/lab2/.history/src/defs_20250415102955.h", "C", 0, 53, 0, 1, 15, 69
"/home/kid-a/homeworks/compiler/lab2/.history/src/defs_20250415103000.h", "C", 0, 55, 0, 1, 14, 70
"/home/kid-a/homeworks/compiler/lab2/.history/src/defs_20250415103019.h", "C", 0, 55, 0, 1, 14, 70
"/home/kid-a/homeworks/compiler/lab2/.history/src/defs_20250415104115.h", "C", 0, 56, 0, 1, 14, 71
"/home/kid-a/homeworks/compiler/lab2/.history/src/defs_20250415104119.h", "C", 0, 56, 0, 1, 14, 71
"/home/kid-a/homeworks/compiler/lab2/.history/src/defs_20250415105022.h", "C", 0, 52, 0, 5, 14, 71
"/home/kid-a/homeworks/compiler/lab2/.history/src/defs_20250415105023.h", "C", 0, 56, 0, 1, 14, 71
"/home/kid-a/homeworks/compiler/lab2/.history/src/defs_20250415105121.h", "C", 0, 56, 0, 1, 14, 71
"/home/kid-a/homeworks/compiler/lab2/.history/src/defs_20250415105142.h", "C", 0, 56, 0, 1, 14, 71
"/home/kid-a/homeworks/compiler/lab2/.history/src/defs_20250415105152.h", "C", 0, 56, 0, 1, 14, 71
"/home/kid-a/homeworks/compiler/lab2/.history/src/defs_20250415105334.h", "C", 0, 57, 0, 1, 14, 72
"/home/kid-a/homeworks/compiler/lab2/.history/src/defs_20250415105336.h", "C", 0, 57, 0, 1, 14, 72
"/home/kid-a/homeworks/compiler/lab2/.history/src/defs_20250415105338.h", "C", 0, 57, 0, 1, 14, 72
"/home/kid-a/homeworks/compiler/lab2/.history/src/defs_20250415105344.h", "C", 0, 57, 0, 1, 14, 72
"/home/kid-a/homeworks/compiler/lab2/.history/src/defs_20250415105351.h", "C", 0, 55, 0, 1, 13, 69
"/home/kid-a/homeworks/compiler/lab2/.history/src/defs_20250415105358.h", "C", 0, 57, 0, 1, 14, 72
"/home/kid-a/homeworks/compiler/lab2/.history/src/defs_20250415105405.h", "C", 0, 57, 0, 1, 14, 72
"/home/kid-a/homeworks/compiler/lab2/.history/src/defs_20250415105407.h", "C", 0, 57, 0, 1, 14, 72
"/home/kid-a/homeworks/compiler/lab2/.history/src/defs_20250415111939.h", "C", 0, 60, 0, 1, 16, 77
"/home/kid-a/homeworks/compiler/lab2/.history/src/defs_20250415111940.h", "C", 0, 60, 0, 1, 18, 79
"/home/kid-a/homeworks/compiler/lab2/.history/src/defs_20250415111945.h", "C", 0, 62, 0, 1, 17, 80
"/home/kid-a/homeworks/compiler/lab2/.history/src/defs_20250415111952.h", "C", 0, 62, 0, 1, 17, 80
"/home/kid-a/homeworks/compiler/lab2/.history/src/defs_20250415111955.h", "C", 0, 62, 0, 1, 17, 80
"/home/kid-a/homeworks/compiler/lab2/.history/src/defs_20250415111956.h", "C", 0, 62, 0, 1, 17, 80
"/home/kid-a/homeworks/compiler/lab2/.history/src/defs_20250415111958.h", "C", 0, 62, 0, 1, 18, 81
"/home/kid-a/homeworks/compiler/lab2/.history/src/defs_20250415112005.h", "C", 0, 63, 0, 1, 17, 81
"/home/kid-a/homeworks/compiler/lab2/.history/src/defs_20250415112010.h", "C", 0, 63, 0, 1, 17, 81
"/home/kid-a/homeworks/compiler/lab2/.history/src/defs_20250415112017.h", "C", 0, 64, 0, 1, 18, 83
"/home/kid-a/homeworks/compiler/lab2/.history/src/defs_20250415112020.h", "C", 0, 64, 0, 1, 18, 83
"/home/kid-a/homeworks/compiler/lab2/.history/src/defs_20250415112023.h", "C", 0, 64, 0, 1, 18, 83
"/home/kid-a/homeworks/compiler/lab2/.history/src/defs_20250415112036.h", "C", 0, 65, 0, 1, 17, 83
"/home/kid-a/homeworks/compiler/lab2/.history/src/defs_20250415112038.h", "C", 0, 65, 0, 1, 17, 83
"/home/kid-a/homeworks/compiler/lab2/.history/src/defs_20250415112040.h", "C", 0, 66, 0, 1, 18, 85
"/home/kid-a/homeworks/compiler/lab2/.history/src/defs_20250415112045.h", "C", 0, 67, 0, 1, 17, 85
"/home/kid-a/homeworks/compiler/lab2/.history/src/defs_20250415112056.h", "C", 0, 68, 0, 1, 17, 86
"/home/kid-a/homeworks/compiler/lab2/.history/src/defs_20250415112104.h", "C", 0, 70, 0, 1, 17, 88
"/home/kid-a/homeworks/compiler/lab2/.history/src/defs_20250415112109.h", "C", 0, 70, 0, 1, 17, 88
"/home/kid-a/homeworks/compiler/lab2/.history/src/defs_20250415112112.h", "C", 0, 70, 0, 1, 17, 88
"/home/kid-a/homeworks/compiler/lab2/.history/src/defs_20250415112114.h", "C", 0, 70, 0, 1, 17, 88
"/home/kid-a/homeworks/compiler/lab2/.history/src/defs_20250415112120.h", "C", 0, 70, 0, 1, 17, 88
"/home/kid-a/homeworks/compiler/lab2/.history/src/defs_20250415112126.h", "C", 0, 70, 0, 1, 17, 88
"/home/kid-a/homeworks/compiler/lab2/.history/src/defs_20250415112130.h", "C", 0, 71, 0, 1, 17, 89
"/home/kid-a/homeworks/compiler/lab2/.history/src/defs_20250415112156.h", "C", 0, 57, 0, 1, 16, 74
"/home/kid-a/homeworks/compiler/lab2/.history/src/defs_20250415112157.h", "C", 0, 57, 0, 1, 14, 72
"/home/kid-a/homeworks/compiler/lab2/.history/src/defs_20250415112203.h", "C", 0, 71, 0, 1, 17, 89
"/home/kid-a/homeworks/compiler/lab2/.history/src/defs_20250415112209.h", "C", 0, 71, 0, 1, 17, 89
"/home/kid-a/homeworks/compiler/lab2/.history/src/defs_20250415112213.h", "C", 0, 71, 0, 1, 17, 89
"/home/kid-a/homeworks/compiler/lab2/.history/src/defs_20250415112215.h", "C", 0, 71, 0, 1, 17, 89
"/home/kid-a/homeworks/compiler/lab2/.history/src/defs_20250415112227.h", "C", 0, 72, 0, 1, 17, 90
"/home/kid-a/homeworks/compiler/lab2/.history/src/defs_20250415112232.h", "C", 0, 72, 0, 1, 17, 90
"/home/kid-a/homeworks/compiler/lab2/.history/src/defs_20250415112242.h", "C", 0, 72, 0, 1, 17, 90
"/home/kid-a/homeworks/compiler/lab2/.history/src/defs_20250415112411.h", "C", 0, 73, 0, 1, 18, 92
"/home/kid-a/homeworks/compiler/lab2/.history/src/defs_20250415112415.h", "C", 0, 73, 0, 1, 18, 92
"/home/kid-a/homeworks/compiler/lab2/.history/src/defs_20250415112419.h", "C", 0, 73, 0, 1, 18, 92
"/home/kid-a/homeworks/compiler/lab2/.history/src/defs_20250415112420.h", "C", 0, 73, 0, 1, 18, 92
"/home/kid-a/homeworks/compiler/lab2/.history/src/defs_20250415112424.h", "C", 0, 73, 0, 1, 19, 93
"/home/kid-a/homeworks/compiler/lab2/.history/src/defs_20250415112425.h", "C", 0, 73, 0, 1, 18, 92
"/home/kid-a/homeworks/compiler/lab2/.history/src/defs_20250415112455.h", "C", 0, 73, 0, 1, 19, 93
"/home/kid-a/homeworks/compiler/lab2/.history/src/defs_20250415112500.h", "C", 0, 74, 0, 1, 18, 93
"/home/kid-a/homeworks/compiler/lab2/.history/src/defs_20250415112505.h", "C", 0, 75, 0, 1, 19, 95
"/home/kid-a/homeworks/compiler/lab2/.history/src/defs_20250415112515.h", "C", 0, 76, 0, 1, 18, 95
"/home/kid-a/homeworks/compiler/lab2/.history/src/defs_20250415112517.h", "C", 0, 76, 0, 1, 18, 95
"/home/kid-a/homeworks/compiler/lab2/.history/src/defs_20250415112523.h", "C", 0, 76, 0, 1, 18, 95
"/home/kid-a/homeworks/compiler/lab2/.history/src/defs_20250415112731.h", "C", 0, 76, 0, 1, 18, 95
"/home/kid-a/homeworks/compiler/lab2/.history/src/defs_20250415112732.h", "C", 0, 76, 0, 1, 18, 95
"/home/kid-a/homeworks/compiler/lab2/.history/src/defs_20250415112739.h", "C", 0, 76, 0, 1, 18, 95
"/home/kid-a/homeworks/compiler/lab2/.history/src/defs_20250415112743.h", "C", 0, 76, 0, 1, 18, 95
"/home/kid-a/homeworks/compiler/lab2/.history/src/defs_20250415112828.h", "C", 0, 76, 0, 1, 18, 95
"/home/kid-a/homeworks/compiler/lab2/.history/src/defs_20250415112830.h", "C", 0, 76, 0, 1, 18, 95
"/home/kid-a/homeworks/compiler/lab2/.history/src/defs_20250415112838.h", "C", 0, 76, 0, 1, 18, 95
"/home/kid-a/homeworks/compiler/lab2/.history/src/defs_20250415112840.h", "C", 0, 76, 0, 1, 18, 95
"/home/kid-a/homeworks/compiler/lab2/.history/src/defs_20250415112852.h", "C", 0, 76, 0, 1, 18, 95
"/home/kid-a/homeworks/compiler/lab2/.history/src/defs_20250415112902.h", "C", 0, 76, 0, 1, 18, 95
"/home/kid-a/homeworks/compiler/lab2/.history/src/defs_20250415112904.h", "C", 0, 76, 0, 1, 18, 95
"/home/kid-a/homeworks/compiler/lab2/.history/src/defs_20250415113025.h", "C", 0, 76, 0, 1, 18, 95
"/home/kid-a/homeworks/compiler/lab2/.history/src/defs_20250415113030.h", "C", 0, 76, 0, 1, 18, 95
"/home/kid-a/homeworks/compiler/lab2/.history/src/defs_20250415113033.h", "C", 0, 76, 0, 1, 18, 95
"/home/kid-a/homeworks/compiler/lab2/.history/src/defs_20250415113049.h", "C", 0, 76, 0, 1, 18, 95
"/home/kid-a/homeworks/compiler/lab2/.history/src/defs_20250415113132.h", "C", 0, 76, 0, 1, 18, 95
"/home/kid-a/homeworks/compiler/lab2/.history/src/defs_20250415113134.h", "C", 0, 76, 0, 1, 18, 95
"/home/kid-a/homeworks/compiler/lab2/.history/src/defs_20250415113222.h", "C", 0, 76, 0, 1, 18, 95
"/home/kid-a/homeworks/compiler/lab2/.history/src/defs_20250415113224.h", "C", 0, 76, 0, 1, 18, 95
"/home/kid-a/homeworks/compiler/lab2/.history/src/defs_20250415113230.h", "C", 0, 76, 0, 1, 18, 95
"/home/kid-a/homeworks/compiler/lab2/.history/src/defs_20250415113236.h", "C", 0, 76, 0, 1, 18, 95
"/home/kid-a/homeworks/compiler/lab2/.history/src/defs_20250415113547.h", "C", 0, 76, 0, 0, 16, 92
"/home/kid-a/homeworks/compiler/lab2/.history/src/defs_20250415114704.h", "C", 0, 76, 0, 0, 16, 92
"/home/kid-a/homeworks/compiler/lab2/.history/src/defs_20250415114711.h", "C", 0, 76, 0, 0, 16, 92
"/home/kid-a/homeworks/compiler/lab2/.history/src/ll1_20250414113143.cpp", "C++", 0, 0, 0, 0, 1, 1
"/home/kid-a/homeworks/compiler/lab2/.history/src/ll1_20250414113147.h", "C", 0, 0, 0, 0, 1, 1
"/home/kid-a/homeworks/compiler/lab2/.history/src/ll1_20250414113209.cpp", "C++", 1, 0, 0, 0, 0, 1
"/home/kid-a/homeworks/compiler/lab2/.history/src/ll1_20250414113535.cpp", "C++", 1, 0, 0, 0, 0, 1
"/home/kid-a/homeworks/compiler/lab2/.history/src/ll1_20250414113801.cpp", "C++", 1, 0, 0, 0, 0, 1
"/home/kid-a/homeworks/compiler/lab2/.history/src/ll1_20250414113803.cpp", "C++", 1, 0, 0, 0, 2, 3
"/home/kid-a/homeworks/compiler/lab2/.history/src/ll1_20250414113848.cpp", "C++", 2, 0, 0, 0, 1, 3
"/home/kid-a/homeworks/compiler/lab2/.history/src/ll1_20250414113852.cpp", "C++", 2, 0, 0, 0, 1, 3
"/home/kid-a/homeworks/compiler/lab2/.history/src/ll1_20250414113858.cpp", "C++", 2, 0, 0, 0, 1, 3
"/home/kid-a/homeworks/compiler/lab2/.history/src/ll1_20250414113905.cpp", "C++", 2, 0, 0, 0, 1, 3
"/home/kid-a/homeworks/compiler/lab2/.history/src/ll1_20250414113908.cpp", "C++", 1, 0, 0, 0, 1, 2
"/home/kid-a/homeworks/compiler/lab2/.history/src/ll1_20250414113919.h", "C", 0, 2, 0, 0, 1, 3
"/home/kid-a/homeworks/compiler/lab2/.history/src/ll1_20250414113921.h", "C", 0, 2, 0, 0, 1, 3
"/home/kid-a/homeworks/compiler/lab2/.history/src/ll1_20250414113923.h", "C", 0, 2, 0, 0, 2, 4
"/home/kid-a/homeworks/compiler/lab2/.history/src/ll1_20250414113926.h", "C", 0, 2, 0, 0, 2, 4
"/home/kid-a/homeworks/compiler/lab2/.history/src/ll1_20250414113927.h", "C", 0, 3, 0, 0, 3, 6
"/home/kid-a/homeworks/compiler/lab2/.history/src/ll1_20250414113930.h", "C", 0, 3, 0, 0, 5, 8
"/home/kid-a/homeworks/compiler/lab2/.history/src/ll1_20250414114009.h", "C", 0, 4, 0, 0, 4, 8
"/home/kid-a/homeworks/compiler/lab2/.history/src/ll1_20250414114011.h", "C", 0, 4, 0, 0, 5, 9
"/home/kid-a/homeworks/compiler/lab2/.history/src/ll1_20250414114015.h", "C", 0, 5, 0, 0, 5, 10
"/home/kid-a/homeworks/compiler/lab2/.history/src/ll1_20250414114016.h", "C", 0, 5, 0, 0, 5, 10
"/home/kid-a/homeworks/compiler/lab2/.history/src/ll1_20250414114021.h", "C", 0, 5, 0, 0, 4, 9
"/home/kid-a/homeworks/compiler/lab2/.history/src/ll1_20250414114023.h", "C", 0, 5, 0, 0, 5, 10
"/home/kid-a/homeworks/compiler/lab2/.history/src/ll1_20250414114036.h", "C", 0, 5, 0, 0, 6, 11
"/home/kid-a/homeworks/compiler/lab2/.history/src/ll1_20250414114037.h", "C", 0, 5, 0, 0, 7, 12
"/home/kid-a/homeworks/compiler/lab2/.history/src/ll1_20250414114038.h", "C", 0, 5, 0, 0, 7, 12
"/home/kid-a/homeworks/compiler/lab2/.history/src/ll1_20250414114040.h", "C", 0, 5, 0, 0, 7, 12
"/home/kid-a/homeworks/compiler/lab2/.history/src/ll1_20250414114049.h", "C", 0, 5, 0, 0, 8, 13
"/home/kid-a/homeworks/compiler/lab2/.history/src/ll1_20250414114052.h", "C", 0, 5, 0, 0, 8, 13
"/home/kid-a/homeworks/compiler/lab2/.history/src/ll1_20250414114057.h", "C", 0, 6, 0, 0, 7, 13
"/home/kid-a/homeworks/compiler/lab2/.history/src/ll1_20250414114106.h", "C", 0, 6, 0, 0, 7, 13
"/home/kid-a/homeworks/compiler/lab2/.history/src/ll1_20250414114107.h", "C", 0, 6, 0, 0, 7, 13
"/home/kid-a/homeworks/compiler/lab2/.history/src/ll1_20250414114118.h", "C", 0, 7, 0, 0, 8, 15
"/home/kid-a/homeworks/compiler/lab2/.history/src/ll1_20250414114122.h", "C", 0, 8, 0, 0, 7, 15
"/home/kid-a/homeworks/compiler/lab2/.history/src/ll1_20250414114123.h", "C", 0, 8, 0, 0, 8, 16
"/home/kid-a/homeworks/compiler/lab2/.history/src/ll1_20250414114126.h", "C", 0, 9, 0, 0, 8, 17
"/home/kid-a/homeworks/compiler/lab2/.history/src/ll1_20250414114132.h", "C", 0, 10, 0, 0, 7, 17
"/home/kid-a/homeworks/compiler/lab2/.history/src/ll1_20250414114133.h", "C", 0, 10, 0, 0, 7, 17
"/home/kid-a/homeworks/compiler/lab2/.history/src/ll1_20250414114138.h", "C", 0, 10, 0, 0, 7, 17
"/home/kid-a/homeworks/compiler/lab2/.history/src/ll1_20250414114143.h", "C", 0, 10, 0, 0, 7, 17
"/home/kid-a/homeworks/compiler/lab2/.history/src/ll1_20250414114144.h", "C", 0, 10, 0, 0, 7, 17
"/home/kid-a/homeworks/compiler/lab2/.history/src/ll1_20250414114146.h", "C", 0, 11, 0, 0, 6, 17
"/home/kid-a/homeworks/compiler/lab2/.history/src/ll1_20250414114147.h", "C", 0, 11, 0, 0, 6, 17
"/home/kid-a/homeworks/compiler/lab2/.history/src/ll1_20250414114156.h", "C", 0, 11, 0, 0, 6, 17
"/home/kid-a/homeworks/compiler/lab2/.history/src/ll1_20250414114158.h", "C", 0, 11, 0, 0, 6, 17
"/home/kid-a/homeworks/compiler/lab2/.history/src/ll1_20250414114200.h", "C", 0, 11, 0, 0, 6, 17
"/home/kid-a/homeworks/compiler/lab2/.history/src/ll1_20250414114203.h", "C", 0, 11, 0, 0, 6, 17
"/home/kid-a/homeworks/compiler/lab2/.history/src/ll1_20250414114210.h", "C", 0, 10, 0, 0, 7, 17
"/home/kid-a/homeworks/compiler/lab2/.history/src/ll1_20250414114213.h", "C", 0, 11, 0, 0, 7, 18
"/home/kid-a/homeworks/compiler/lab2/.history/src/ll1_20250414114215.h", "C", 0, 11, 0, 0, 7, 18
"/home/kid-a/homeworks/compiler/lab2/.history/src/ll1_20250414114218.h", "C", 0, 11, 0, 0, 7, 18
"/home/kid-a/homeworks/compiler/lab2/.history/src/ll1_20250414114307.h", "C", 0, 11, 0, 0, 7, 18
"/home/kid-a/homeworks/compiler/lab2/.history/src/ll1_20250414114311.h", "C", 0, 11, 0, 0, 7, 18
"/home/kid-a/homeworks/compiler/lab2/.history/src/ll1_20250414114316.h", "C", 0, 11, 0, 0, 7, 18
"/home/kid-a/homeworks/compiler/lab2/.history/src/ll1_20250414114317.h", "C", 0, 11, 0, 0, 7, 18
"/home/kid-a/homeworks/compiler/lab2/.history/src/ll1_20250414114343.h", "C", 0, 12, 0, 0, 7, 19
"/home/kid-a/homeworks/compiler/lab2/.history/src/ll1_20250414114354.h", "C", 0, 12, 0, 0, 8, 20
"/home/kid-a/homeworks/compiler/lab2/.history/src/ll1_20250414114356.h", "C", 0, 13, 0, 0, 7, 20
"/home/kid-a/homeworks/compiler/lab2/.history/src/ll1_20250414114403.h", "C", 0, 14, 0, 0, 7, 21
"/home/kid-a/homeworks/compiler/lab2/.history/src/ll1_20250414114414.h", "C", 0, 14, 0, 0, 8, 22
"/home/kid-a/homeworks/compiler/lab2/.history/src/ll1_20250414114418.h", "C", 0, 15, 0, 0, 7, 22
"/home/kid-a/homeworks/compiler/lab2/.history/src/ll1_20250414114420.h", "C", 0, 15, 0, 0, 7, 22
"/home/kid-a/homeworks/compiler/lab2/.history/src/ll1_20250414114421.h", "C", 0, 15, 0, 0, 7, 22
"/home/kid-a/homeworks/compiler/lab2/.history/src/ll1_20250414114424.h", "C", 0, 15, 0, 0, 7, 22
"/home/kid-a/homeworks/compiler/lab2/.history/src/ll1_20250414114425.h", "C", 0, 15, 0, 0, 7, 22
"/home/kid-a/homeworks/compiler/lab2/.history/src/ll1_20250414114430.h", "C", 0, 15, 0, 0, 7, 22
"/home/kid-a/homeworks/compiler/lab2/.history/src/ll1_20250414114433.h", "C", 0, 15, 0, 0, 7, 22
"/home/kid-a/homeworks/compiler/lab2/.history/src/ll1_20250414114440.h", "C", 0, 15, 0, 0, 9, 24
"/home/kid-a/homeworks/compiler/lab2/.history/src/ll1_20250414114443.h", "C", 0, 15, 0, 0, 9, 24
"/home/kid-a/homeworks/compiler/lab2/.history/src/ll1_20250414114448.h", "C", 0, 15, 0, 0, 9, 24
"/home/kid-a/homeworks/compiler/lab2/.history/src/ll1_20250414114452.h", "C", 0, 15, 0, 0, 9, 24
"/home/kid-a/homeworks/compiler/lab2/.history/src/ll1_20250414114457.h", "C", 0, 16, 0, 0, 9, 25
"/home/kid-a/homeworks/compiler/lab2/.history/src/ll1_20250414114459.h", "C", 0, 16, 0, 0, 9, 25
"/home/kid-a/homeworks/compiler/lab2/.history/src/ll1_20250414114501.h", "C", 0, 16, 0, 0, 9, 25
"/home/kid-a/homeworks/compiler/lab2/.history/src/ll1_20250414114508.h", "C", 0, 17, 0, 0, 8, 25
"/home/kid-a/homeworks/compiler/lab2/.history/src/ll1_20250414114511.h", "C", 0, 17, 0, 0, 7, 24
"/home/kid-a/homeworks/compiler/lab2/.history/src/ll1_20250414114515.h", "C", 0, 17, 0, 0, 8, 25
"/home/kid-a/homeworks/compiler/lab2/.history/src/ll1_20250414114516.h", "C", 0, 17, 0, 0, 9, 26
"/home/kid-a/homeworks/compiler/lab2/.history/src/ll1_20250414114521.h", "C", 0, 17, 0, 0, 8, 25
"/home/kid-a/homeworks/compiler/lab2/.history/src/ll1_20250414114640.h", "C", 0, 18, 0, 0, 9, 27
"/home/kid-a/homeworks/compiler/lab2/.history/src/ll1_20250414114644.h", "C", 0, 18, 0, 0, 9, 27
"/home/kid-a/homeworks/compiler/lab2/.history/src/ll1_20250414114646.h", "C", 0, 18, 0, 0, 10, 28
"/home/kid-a/homeworks/compiler/lab2/.history/src/ll1_20250414114652.h", "C", 0, 19, 0, 0, 9, 28
"/home/kid-a/homeworks/compiler/lab2/.history/src/ll1_20250414114654.h", "C", 0, 19, 0, 0, 9, 28
"/home/kid-a/homeworks/compiler/lab2/.history/src/ll1_20250414114659.h", "C", 0, 19, 0, 0, 9, 28
"/home/kid-a/homeworks/compiler/lab2/.history/src/ll1_20250414114702.h", "C", 0, 19, 0, 0, 9, 28
"/home/kid-a/homeworks/compiler/lab2/.history/src/ll1_20250414114703.h", "C", 0, 19, 0, 0, 9, 28
"/home/kid-a/homeworks/compiler/lab2/.history/src/ll1_20250414114709.h", "C", 0, 19, 0, 0, 9, 28
"/home/kid-a/homeworks/compiler/lab2/.history/src/ll1_20250414114719.h", "C", 0, 20, 0, 0, 9, 29
"/home/kid-a/homeworks/compiler/lab2/.history/src/ll1_20250414114801.h", "C", 0, 21, 0, 0, 10, 31
"/home/kid-a/homeworks/compiler/lab2/.history/src/ll1_20250414114802.h", "C", 0, 21, 0, 0, 10, 31
"/home/kid-a/homeworks/compiler/lab2/.history/src/ll1_20250414114804.h", "C", 0, 20, 0, 0, 11, 31
"/home/kid-a/homeworks/compiler/lab2/.history/src/ll1_20250414114843.h", "C", 0, 21, 0, 0, 10, 31
"/home/kid-a/homeworks/compiler/lab2/.history/src/ll1_20250414114855.h", "C", 0, 23, 0, 0, 12, 35
"/home/kid-a/homeworks/compiler/lab2/.history/src/ll1_20250414114908.h", "C", 0, 23, 0, 0, 12, 35
"/home/kid-a/homeworks/compiler/lab2/.history/src/ll1_20250414114914.h", "C", 0, 23, 0, 0, 12, 35
"/home/kid-a/homeworks/compiler/lab2/.history/src/ll1_20250414114918.h", "C", 0, 23, 0, 0, 12, 35
"/home/kid-a/homeworks/compiler/lab2/.history/src/ll1_20250414114921.h", "C", 0, 23, 0, 0, 12, 35
"/home/kid-a/homeworks/compiler/lab2/.history/src/ll1_20250414114930.h", "C", 0, 23, 0, 0, 12, 35
"/home/kid-a/homeworks/compiler/lab2/.history/src/ll1_20250414114932.h", "C", 0, 23, 0, 0, 12, 35
"/home/kid-a/homeworks/compiler/lab2/.history/src/ll1_20250414114939.h", "C", 0, 24, 0, 0, 14, 38
"/home/kid-a/homeworks/compiler/lab2/.history/src/ll1_20250414114941.h", "C", 0, 24, 0, 0, 12, 36
"/home/kid-a/homeworks/compiler/lab2/.history/src/ll1_20250414114946.h", "C", 0, 25, 0, 0, 11, 36
"/home/kid-a/homeworks/compiler/lab2/.history/src/ll1_20250414114957.h", "C", 0, 25, 0, 0, 11, 36
"/home/kid-a/homeworks/compiler/lab2/.history/src/ll1_20250414114959.h", "C", 0, 25, 0, 0, 11, 36
"/home/kid-a/homeworks/compiler/lab2/.history/src/ll1_20250414115001.h", "C", 0, 25, 0, 0, 11, 36
"/home/kid-a/homeworks/compiler/lab2/.history/src/ll1_20250414115022.h", "C", 0, 24, 0, 0, 10, 34
"/home/kid-a/homeworks/compiler/lab2/.history/src/ll1_20250414115029.h", "C", 0, 24, 0, 0, 10, 34
"/home/kid-a/homeworks/compiler/lab2/.history/src/ll1_20250414115030.h", "C", 0, 24, 0, 0, 10, 34
"/home/kid-a/homeworks/compiler/lab2/.history/src/ll1_20250414115033.h", "C", 0, 24, 0, 0, 10, 34
"/home/kid-a/homeworks/compiler/lab2/.history/src/ll1_20250414115042.h", "C", 0, 25, 0, 0, 10, 35
"/home/kid-a/homeworks/compiler/lab2/.history/src/ll1_20250414115044.h", "C", 0, 24, 0, 0, 10, 34
"/home/kid-a/homeworks/compiler/lab2/.history/src/ll1_20250414115047.h", "C", 0, 24, 0, 0, 10, 34
"/home/kid-a/homeworks/compiler/lab2/.history/src/ll1_20250414115055.h", "C", 0, 25, 0, 0, 10, 35
"/home/kid-a/homeworks/compiler/lab2/.history/src/ll1_20250414115057.h", "C", 0, 25, 0, 0, 10, 35
"/home/kid-a/homeworks/compiler/lab2/.history/src/ll1_20250414115119.h", "C", 0, 25, 0, 0, 10, 35
"/home/kid-a/homeworks/compiler/lab2/.history/src/ll1_20250414115124.h", "C", 0, 25, 0, 0, 10, 35
"/home/kid-a/homeworks/compiler/lab2/.history/src/ll1_20250414115125.h", "C", 0, 25, 0, 0, 10, 35
"/home/kid-a/homeworks/compiler/lab2/.history/src/ll1_20250414115129.h", "C", 0, 25, 0, 0, 10, 35
"/home/kid-a/homeworks/compiler/lab2/.history/src/ll1_20250414115131.h", "C", 0, 25, 0, 0, 10, 35
"/home/kid-a/homeworks/compiler/lab2/.history/src/ll1_20250414115138.h", "C", 0, 26, 0, 0, 10, 36
"/home/kid-a/homeworks/compiler/lab2/.history/src/ll1_20250414115140.h", "C", 0, 26, 0, 0, 10, 36
"/home/kid-a/homeworks/compiler/lab2/.history/src/ll1_20250414115147.h", "C", 0, 25, 0, 0, 10, 35
"/home/kid-a/homeworks/compiler/lab2/.history/src/ll1_20250414115149.h", "C", 0, 25, 0, 0, 9, 34
"/home/kid-a/homeworks/compiler/lab2/.history/src/ll1_20250414115318.h", "C", 0, 20, 0, 0, 10, 30
"/home/kid-a/homeworks/compiler/lab2/.history/src/ll1_20250414115319.h", "C", 0, 20, 0, 0, 8, 28
"/home/kid-a/homeworks/compiler/lab2/.history/src/ll1_20250414115321.h", "C", 0, 20, 0, 0, 10, 30
"/home/kid-a/homeworks/compiler/lab2/.history/src/ll1_20250414115343.h", "C", 0, 21, 0, 0, 9, 30
"/home/kid-a/homeworks/compiler/lab2/.history/src/ll1_20250414115402.h", "C", 0, 16, 0, 0, 10, 26
"/home/kid-a/homeworks/compiler/lab2/.history/src/ll1_20250414115403.h", "C", 0, 16, 0, 0, 8, 24
"/home/kid-a/homeworks/compiler/lab2/.history/src/ll1_20250414115643.h", "C", 0, 16, 0, 0, 7, 23
"/home/kid-a/homeworks/compiler/lab2/.history/src/ll1_20250414115646.h", "C", 0, 15, 0, 0, 7, 22
"/home/kid-a/homeworks/compiler/lab2/.history/src/ll1_20250414115700.cpp", "C++", 0, 0, 0, 0, 1, 1
"/home/kid-a/homeworks/compiler/lab2/.history/src/ll1_20250414115703.cpp", "C++", 1, 0, 0, 0, 0, 1
"/home/kid-a/homeworks/compiler/lab2/.history/src/ll1_20250414115707.cpp", "C++", 1, 0, 0, 0, 2, 3
"/home/kid-a/homeworks/compiler/lab2/.history/src/ll1_20250414115714.cpp", "C++", 2, 0, 0, 0, 1, 3
"/home/kid-a/homeworks/compiler/lab2/.history/src/ll1_20250414115716.cpp", "C++", 2, 0, 0, 0, 1, 3
"/home/kid-a/homeworks/compiler/lab2/.history/src/ll1_20250414115718.cpp", "C++", 3, 0, 0, 0, 2, 5
"/home/kid-a/homeworks/compiler/lab2/.history/src/ll1_20250414115721.cpp", "C++", 3, 0, 0, 0, 2, 5
"/home/kid-a/homeworks/compiler/lab2/.history/src/ll1_20250414115722.cpp", "C++", 3, 0, 0, 0, 2, 5
"/home/kid-a/homeworks/compiler/lab2/.history/src/ll1_20250414115730.h", "C", 0, 15, 0, 1, 7, 23
"/home/kid-a/homeworks/compiler/lab2/.history/src/ll1_20250414115736.h", "C", 0, 15, 0, 1, 7, 23
"/home/kid-a/homeworks/compiler/lab2/.history/src/ll1_20250414115744.h", "C", 0, 15, 0, 1, 7, 23
"/home/kid-a/homeworks/compiler/lab2/.history/src/ll1_20250414115750.h", "C", 0, 15, 0, 1, 7, 23
"/home/kid-a/homeworks/compiler/lab2/.history/src/ll1_20250414115810.h", "C", 0, 15, 0, 1, 7, 23
"/home/kid-a/homeworks/compiler/lab2/.history/src/ll1_20250414115812.h", "C", 0, 15, 0, 1, 7, 23
"/home/kid-a/homeworks/compiler/lab2/.history/src/ll1_20250414115815.h", "C", 0, 15, 0, 1, 7, 23
"/home/kid-a/homeworks/compiler/lab2/.history/src/ll1_20250414115827.cpp", "C++", 3, 0, 0, 0, 2, 5
"/home/kid-a/homeworks/compiler/lab2/.history/src/ll1_20250414115843.cpp", "C++", 3, 0, 0, 0, 4, 7
"/home/kid-a/homeworks/compiler/lab2/.history/src/ll1_20250414115851.cpp", "C++", 4, 0, 0, 0, 4, 8
"/home/kid-a/homeworks/compiler/lab2/.history/src/ll1_20250414115855.cpp", "C++", 5, 0, 0, 0, 5, 10
"/home/kid-a/homeworks/compiler/lab2/.history/src/ll1_20250414115901.cpp", "C++", 5, 0, 0, 0, 5, 10
"/home/kid-a/homeworks/compiler/lab2/.history/src/ll1_20250414115917.h", "C", 0, 15, 0, 1, 7, 23
"/home/kid-a/homeworks/compiler/lab2/.history/src/ll1_20250414115932.cpp", "C++", 5, 0, 0, 0, 5, 10
"/home/kid-a/homeworks/compiler/lab2/.history/src/ll1_20250414115934.cpp", "C++", 5, 0, 0, 0, 5, 10
"/home/kid-a/homeworks/compiler/lab2/.history/src/ll1_20250414115959.h", "C", 0, 15, 0, 2, 7, 24
"/home/kid-a/homeworks/compiler/lab2/.history/src/ll1_20250414120012.h", "C", 0, 15, 0, 2, 7, 24
"/home/kid-a/homeworks/compiler/lab2/.history/src/ll1_20250414120020.h", "C", 0, 15, 0, 2, 7, 24
"/home/kid-a/homeworks/compiler/lab2/.history/src/ll1_20250414120023.h", "C", 0, 15, 0, 3, 7, 25
"/home/kid-a/homeworks/compiler/lab2/.history/src/ll1_20250414120027.h", "C", 0, 15, 0, 3, 7, 25
"/home/kid-a/homeworks/compiler/lab2/.history/src/ll1_20250414120029.h", "C", 0, 15, 0, 3, 9, 27
"/home/kid-a/homeworks/compiler/lab2/.history/src/ll1_20250414120032.h", "C", 0, 16, 0, 3, 8, 27
"/home/kid-a/homeworks/compiler/lab2/.history/src/ll1_20250414120036.h", "C", 0, 15, 0, 3, 8, 26
"/home/kid-a/homeworks/compiler/lab2/.history/src/ll1_20250414120043.h", "C", 0, 16, 0, 3, 8, 27
"/home/kid-a/homeworks/compiler/lab2/.history/src/ll1_20250414120046.h", "C", 0, 15, 0, 3, 8, 26
"/home/kid-a/homeworks/compiler/lab2/.history/src/ll1_20250414120107.h", "C", 0, 16, 0, 3, 7, 26
"/home/kid-a/homeworks/compiler/lab2/.history/src/ll1_20250414120318.h", "C", 0, 15, 0, 3, 7, 25
"/home/kid-a/homeworks/compiler/lab2/.history/src/ll1_20250414120323.h", "C", 0, 15, 0, 3, 8, 26
"/home/kid-a/homeworks/compiler/lab2/.history/src/ll1_20250414120327.h", "C", 0, 15, 0, 3, 8, 26
"/home/kid-a/homeworks/compiler/lab2/.history/src/ll1_20250414120332.h", "C", 0, 15, 0, 3, 8, 26
"/home/kid-a/homeworks/compiler/lab2/.history/src/ll1_20250414120414.h", "C", 0, 16, 0, 3, 7, 26
"/home/kid-a/homeworks/compiler/lab2/.history/src/ll1_20250414120423.h", "C", 0, 16, 0, 3, 7, 26
"/home/kid-a/homeworks/compiler/lab2/.history/src/ll1_20250414120434.h", "C", 0, 16, 0, 3, 7, 26
"/home/kid-a/homeworks/compiler/lab2/.history/src/ll1_20250414120437.h", "C", 0, 16, 0, 3, 7, 26
"/home/kid-a/homeworks/compiler/lab2/.history/src/ll1_20250414120441.h", "C", 0, 16, 0, 3, 7, 26
"/home/kid-a/homeworks/compiler/lab2/.history/src/ll1_20250414120442.h", "C", 0, 16, 0, 3, 8, 27
"/home/kid-a/homeworks/compiler/lab2/.history/src/ll1_20250414120505.h", "C", 0, 16, 0, 3, 8, 27
"/home/kid-a/homeworks/compiler/lab2/.history/src/ll1_20250414120507.h", "C", 0, 16, 0, 3, 8, 27
"/home/kid-a/homeworks/compiler/lab2/.history/src/ll1_20250414120521.h", "C", 0, 17, 0, 3, 8, 28
"/home/kid-a/homeworks/compiler/lab2/.history/src/ll1_20250414120529.h", "C", 0, 17, 0, 3, 8, 28
"/home/kid-a/homeworks/compiler/lab2/.history/src/ll1_20250414120532.h", "C", 0, 17, 0, 3, 8, 28
"/home/kid-a/homeworks/compiler/lab2/.history/src/ll1_20250414120540.h", "C", 0, 17, 0, 3, 8, 28
"/home/kid-a/homeworks/compiler/lab2/.history/src/ll1_20250414120723.h", "C", 0, 17, 0, 3, 8, 28
"/home/kid-a/homeworks/compiler/lab2/.history/src/ll1_20250414120741.h", "C", 0, 18, 0, 3, 7, 28
"/home/kid-a/homeworks/compiler/lab2/.history/src/ll1_20250414120815.h", "C", 0, 18, 0, 3, 7, 28
"/home/kid-a/homeworks/compiler/lab2/.history/src/ll1_20250414120832.h", "C", 0, 18, 0, 3, 7, 28
"/home/kid-a/homeworks/compiler/lab2/.history/src/ll1_20250414120937.h", "C", 0, 18, 0, 3, 7, 28
"/home/kid-a/homeworks/compiler/lab2/.history/src/ll1_20250414120938.h", "C", 0, 18, 0, 3, 7, 28
"/home/kid-a/homeworks/compiler/lab2/.history/src/ll1_20250414120951.h", "C", 0, 18, 0, 3, 7, 28
"/home/kid-a/homeworks/compiler/lab2/.history/src/ll1_20250414120954.h", "C", 0, 18, 0, 3, 7, 28
"/home/kid-a/homeworks/compiler/lab2/.history/src/ll1_20250414120958.h", "C", 0, 18, 0, 3, 7, 28
"/home/kid-a/homeworks/compiler/lab2/.history/src/ll1_20250414121001.h", "C", 0, 18, 0, 3, 7, 28
"/home/kid-a/homeworks/compiler/lab2/.history/src/ll1_20250414121005.h", "C", 0, 18, 0, 3, 7, 28
"/home/kid-a/homeworks/compiler/lab2/.history/src/ll1_20250414121320.cpp", "C++", 5, 0, 0, 0, 5, 10
"/home/kid-a/homeworks/compiler/lab2/.history/src/ll1_20250414121326.h", "C", 0, 18, 0, 3, 7, 28
"/home/kid-a/homeworks/compiler/lab2/.history/src/ll1_20250414121330.h", "C", 0, 18, 0, 3, 7, 28
"/home/kid-a/homeworks/compiler/lab2/.history/src/ll1_20250414121335.cpp", "C++", 5, 0, 0, 0, 5, 10
"/home/kid-a/homeworks/compiler/lab2/.history/src/ll1_20250414121353.cpp", "C++", 5, 0, 0, 0, 5, 10
"/home/kid-a/homeworks/compiler/lab2/.history/src/ll1_20250414121423.h", "C", 0, 18, 0, 3, 9, 30
"/home/kid-a/homeworks/compiler/lab2/.history/src/ll1_20250414121433.h", "C", 0, 19, 0, 3, 8, 30
"/home/kid-a/homeworks/compiler/lab2/.history/src/ll1_20250414121434.h", "C", 0, 19, 0, 3, 8, 30
"/home/kid-a/homeworks/compiler/lab2/.history/src/ll1_20250414121440.h", "C", 0, 19, 0, 3, 8, 30
"/home/kid-a/homeworks/compiler/lab2/.history/src/ll1_20250414121447.h", "C", 0, 19, 0, 3, 8, 30
"/home/kid-a/homeworks/compiler/lab2/.history/src/ll1_20250414121449.h", "C", 0, 19, 0, 3, 8, 30
"/home/kid-a/homeworks/compiler/lab2/.history/src/ll1_20250414121456.h", "C", 0, 19, 0, 3, 8, 30
"/home/kid-a/homeworks/compiler/lab2/.history/src/ll1_20250414121502.h", "C", 0, 19, 0, 3, 8, 30
"/home/kid-a/homeworks/compiler/lab2/.history/src/ll1_20250414121510.h", "C", 0, 19, 0, 3, 8, 30
"/home/kid-a/homeworks/compiler/lab2/.history/src/ll1_20250414121511.h", "C", 0, 19, 0, 3, 8, 30
"/home/kid-a/homeworks/compiler/lab2/.history/src/ll1_20250414121514.h", "C", 0, 19, 0, 3, 8, 30
"/home/kid-a/homeworks/compiler/lab2/.history/src/ll1_20250414121516.h", "C", 0, 19, 0, 3, 8, 30
"/home/kid-a/homeworks/compiler/lab2/.history/src/ll1_20250414121536.h", "C", 0, 19, 0, 3, 8, 30
"/home/kid-a/homeworks/compiler/lab2/.history/src/ll1_20250414121543.h", "C", 0, 19, 0, 3, 8, 30
"/home/kid-a/homeworks/compiler/lab2/.history/src/ll1_20250414121549.h", "C", 0, 21, 0, 3, 8, 32
"/home/kid-a/homeworks/compiler/lab2/.history/src/ll1_20250414121555.h", "C", 0, 22, 0, 3, 8, 33
"/home/kid-a/homeworks/compiler/lab2/.history/src/ll1_20250414121557.h", "C", 0, 23, 0, 3, 8, 34
"/home/kid-a/homeworks/compiler/lab2/.history/src/ll1_20250414121603.h", "C", 0, 24, 0, 3, 8, 35
"/home/kid-a/homeworks/compiler/lab2/.history/src/ll1_20250414121614.h", "C", 0, 18, 0, 3, 7, 28
"/home/kid-a/homeworks/compiler/lab2/.history/src/ll1_20250414121932.h", "C", 0, 18, 0, 3, 9, 30
"/home/kid-a/homeworks/compiler/lab2/.history/src/ll1_20250414121937.h", "C", 0, 19, 0, 3, 8, 30
"/home/kid-a/homeworks/compiler/lab2/.history/src/ll1_20250414121939.h", "C", 0, 19, 0, 3, 8, 30
"/home/kid-a/homeworks/compiler/lab2/.history/src/ll1_20250414121943.h", "C", 0, 20, 0, 3, 9, 32
"/home/kid-a/homeworks/compiler/lab2/.history/src/ll1_20250414121944.h", "C", 0, 20, 0, 3, 9, 32
"/home/kid-a/homeworks/compiler/lab2/.history/src/ll1_20250414121959.h", "C", 0, 18, 0, 3, 8, 29
"/home/kid-a/homeworks/compiler/lab2/.history/src/ll1_20250414200755.h", "C", 0, 18, 0, 4, 8, 30
"/home/kid-a/homeworks/compiler/lab2/.history/src/ll1_20250414200756.h", "C", 0, 19, 0, 4, 8, 31
"/home/kid-a/homeworks/compiler/lab2/.history/src/ll1_20250414200758.h", "C", 0, 18, 0, 5, 8, 31
"/home/kid-a/homeworks/compiler/lab2/.history/src/ll1_20250414202511.cpp", "C++", 5, 0, 0, 0, 5, 10
"/home/kid-a/homeworks/compiler/lab2/.history/src/ll1_20250414202515.cpp", "C++", 6, 0, 0, 0, 4, 10
"/home/kid-a/homeworks/compiler/lab2/.history/src/ll1_20250414202525.cpp", "C++", 6, 0, 0, 0, 4, 10
"/home/kid-a/homeworks/compiler/lab2/.history/src/ll1_20250414202527.cpp", "C++", 6, 0, 0, 0, 4, 10
"/home/kid-a/homeworks/compiler/lab2/.history/src/ll1_20250414202528.cpp", "C++", 6, 0, 0, 0, 4, 10
"/home/kid-a/homeworks/compiler/lab2/.history/src/ll1_20250414202530.cpp", "C++", 6, 0, 0, 0, 4, 10
"/home/kid-a/homeworks/compiler/lab2/.history/src/ll1_20250414202534.cpp", "C++", 7, 0, 0, 0, 4, 11
"/home/kid-a/homeworks/compiler/lab2/.history/src/ll1_20250414202537.cpp", "C++", 7, 0, 0, 0, 4, 11
"/home/kid-a/homeworks/compiler/lab2/.history/src/ll1_20250414202541.cpp", "C++", 8, 0, 0, 0, 5, 13
"/home/kid-a/homeworks/compiler/lab2/.history/src/ll1_20250414202544.cpp", "C++", 8, 0, 0, 0, 5, 13
"/home/kid-a/homeworks/compiler/lab2/.history/src/ll1_20250414202549.cpp", "C++", 9, 0, 0, 0, 4, 13
"/home/kid-a/homeworks/compiler/lab2/.history/src/ll1_20250414202552.cpp", "C++", 9, 0, 0, 0, 4, 13
"/home/kid-a/homeworks/compiler/lab2/.history/src/ll1_20250414202553.cpp", "C++", 9, 0, 0, 0, 4, 13
"/home/kid-a/homeworks/compiler/lab2/.history/src/ll1_20250414202555.cpp", "C++", 9, 0, 0, 0, 4, 13
"/home/kid-a/homeworks/compiler/lab2/.history/src/ll1_20250414202600.cpp", "C++", 9, 0, 0, 0, 4, 13
"/home/kid-a/homeworks/compiler/lab2/.history/src/ll1_20250414202636.cpp", "C++", 9, 0, 0, 0, 4, 13
"/home/kid-a/homeworks/compiler/lab2/.history/src/ll1_20250414202639.cpp", "C++", 9, 0, 0, 0, 4, 13
"/home/kid-a/homeworks/compiler/lab2/.history/src/ll1_20250414202644.cpp", "C++", 9, 0, 0, 0, 4, 13
"/home/kid-a/homeworks/compiler/lab2/.history/src/ll1_20250414202657.cpp", "C++", 9, 0, 0, 1, 4, 14
"/home/kid-a/homeworks/compiler/lab2/.history/src/ll1_20250414202703.cpp", "C++", 9, 0, 0, 1, 4, 14
"/home/kid-a/homeworks/compiler/lab2/.history/src/ll1_20250414202705.cpp", "C++", 9, 0, 0, 1, 6, 16
"/home/kid-a/homeworks/compiler/lab2/.history/src/ll1_20250414202712.cpp", "C++", 10, 0, 0, 1, 6, 17
"/home/kid-a/homeworks/compiler/lab2/.history/src/ll1_20250414202726.cpp", "C++", 11, 0, 0, 1, 5, 17
"/home/kid-a/homeworks/compiler/lab2/.history/src/ll1_20250414202727.cpp", "C++", 11, 0, 0, 1, 5, 17
"/home/kid-a/homeworks/compiler/lab2/.history/src/ll1_20250414202737.cpp", "C++", 13, 0, 0, 1, 5, 19
"/home/kid-a/homeworks/compiler/lab2/.history/src/ll1_20250414202743.cpp", "C++", 13, 0, 0, 1, 5, 19
"/home/kid-a/homeworks/compiler/lab2/.history/src/ll1_20250414202745.cpp", "C++", 14, 0, 0, 1, 6, 21
"/home/kid-a/homeworks/compiler/lab2/.history/src/ll1_20250414202750.cpp", "C++", 14, 0, 0, 1, 7, 22
"/home/kid-a/homeworks/compiler/lab2/.history/src/ll1_20250414202832.cpp", "C++", 16, 0, 0, 1, 8, 25
"/home/kid-a/homeworks/compiler/lab2/.history/src/ll1_20250414202835.cpp", "C++", 16, 0, 0, 1, 8, 25
"/home/kid-a/homeworks/compiler/lab2/.history/src/ll1_20250414202845.cpp", "C++", 16, 0, 0, 1, 8, 25
"/home/kid-a/homeworks/compiler/lab2/.history/src/ll1_20250414202847.cpp", "C++", 16, 0, 0, 1, 8, 25
"/home/kid-a/homeworks/compiler/lab2/.history/src/ll1_20250414202852.cpp", "C++", 17, 0, 0, 1, 9, 27
"/home/kid-a/homeworks/compiler/lab2/.history/src/ll1_20250414202855.cpp", "C++", 18, 0, 0, 1, 8, 27
"/home/kid-a/homeworks/compiler/lab2/.history/src/ll1_20250414202856.cpp", "C++", 18, 0, 0, 1, 8, 27
"/home/kid-a/homeworks/compiler/lab2/.history/src/ll1_20250414202900.cpp", "C++", 16, 0, 0, 1, 8, 25
"/home/kid-a/homeworks/compiler/lab2/.history/src/ll1_20250414202904.cpp", "C++", 16, 0, 0, 1, 8, 25
"/home/kid-a/homeworks/compiler/lab2/.history/src/ll1_20250414202925.cpp", "C++", 16, 0, 0, 1, 8, 25
"/home/kid-a/homeworks/compiler/lab2/.history/src/ll1_20250414203336.cpp", "C++", 16, 0, 0, 1, 7, 24
"/home/kid-a/homeworks/compiler/lab2/.history/src/ll1_20250414203341.cpp", "C++", 14, 0, 0, 1, 7, 22
"/home/kid-a/homeworks/compiler/lab2/.history/src/ll1_20250414203355.cpp", "C++", 15, 0, 0, 1, 7, 23
"/home/kid-a/homeworks/compiler/lab2/.history/src/ll1_20250414203400.cpp", "C++", 15, 0, 0, 1, 7, 23
"/home/kid-a/homeworks/compiler/lab2/.history/src/ll1_20250414203404.cpp", "C++", 15, 0, 0, 1, 7, 23
"/home/kid-a/homeworks/compiler/lab2/.history/src/ll1_20250414203454.cpp", "C++", 15, 0, 0, 1, 7, 23
"/home/kid-a/homeworks/compiler/lab2/.history/src/ll1_20250414203455.cpp", "C++", 15, 0, 0, 1, 7, 23
"/home/kid-a/homeworks/compiler/lab2/.history/src/ll1_20250414203457.cpp", "C++", 15, 0, 0, 1, 7, 23
"/home/kid-a/homeworks/compiler/lab2/.history/src/ll1_20250414203459.cpp", "C++", 15, 0, 0, 1, 7, 23
"/home/kid-a/homeworks/compiler/lab2/.history/src/ll1_20250414203505.cpp", "C++", 15, 0, 0, 1, 7, 23
"/home/kid-a/homeworks/compiler/lab2/.history/src/ll1_20250414203528.cpp", "C++", 16, 0, 0, 1, 6, 23
"/home/kid-a/homeworks/compiler/lab2/.history/src/ll1_20250414203531.cpp", "C++", 16, 0, 0, 1, 6, 23
"/home/kid-a/homeworks/compiler/lab2/.history/src/ll1_20250414203534.cpp", "C++", 16, 0, 0, 1, 6, 23
"/home/kid-a/homeworks/compiler/lab2/.history/src/ll1_20250414203536.cpp", "C++", 16, 0, 0, 1, 6, 23
"/home/kid-a/homeworks/compiler/lab2/.history/src/ll1_20250414203538.cpp", "C++", 16, 0, 0, 1, 6, 23
"/home/kid-a/homeworks/compiler/lab2/.history/src/ll1_20250414204013.cpp", "C++", 16, 0, 0, 1, 6, 23
"/home/kid-a/homeworks/compiler/lab2/.history/src/ll1_20250414204028.cpp", "C++", 16, 0, 0, 1, 6, 23
"/home/kid-a/homeworks/compiler/lab2/.history/src/ll1_20250414204036.cpp", "C++", 16, 0, 0, 1, 6, 23
"/home/kid-a/homeworks/compiler/lab2/.history/src/ll1_20250414204059.cpp", "C++", 17, 0, 0, 1, 7, 25
"/home/kid-a/homeworks/compiler/lab2/.history/src/ll1_20250414204101.cpp", "C++", 18, 0, 0, 1, 8, 27
"/home/kid-a/homeworks/compiler/lab2/.history/src/ll1_20250414204106.cpp", "C++", 18, 0, 0, 1, 8, 27
"/home/kid-a/homeworks/compiler/lab2/.history/src/ll1_20250414204107.cpp", "C++", 18, 0, 0, 1, 8, 27
"/home/kid-a/homeworks/compiler/lab2/.history/src/ll1_20250414204123.cpp", "C++", 19, 0, 0, 1, 7, 27
"/home/kid-a/homeworks/compiler/lab2/.history/src/ll1_20250414204126.cpp", "C++", 18, 0, 0, 1, 8, 27
"/home/kid-a/homeworks/compiler/lab2/.history/src/ll1_20250414204138.cpp", "C++", 20, 0, 0, 1, 8, 29
"/home/kid-a/homeworks/compiler/lab2/.history/src/ll1_20250414204148.cpp", "C++", 22, 0, 0, 1, 8, 31
"/home/kid-a/homeworks/compiler/lab2/.history/src/ll1_20250414204329.cpp", "C++", 23, 0, 0, 1, 9, 33
"/home/kid-a/homeworks/compiler/lab2/.history/src/ll1_20250414204333.cpp", "C++", 23, 0, 0, 1, 9, 33
"/home/kid-a/homeworks/compiler/lab2/.history/src/ll1_20250414204341.cpp", "C++", 23, 0, 0, 1, 9, 33
"/home/kid-a/homeworks/compiler/lab2/.history/src/ll1_20250414204345.cpp", "C++", 23, 0, 0, 1, 9, 33
"/home/kid-a/homeworks/compiler/lab2/.history/src/ll1_20250414204347.cpp", "C++", 23, 0, 0, 1, 9, 33
"/home/kid-a/homeworks/compiler/lab2/.history/src/ll1_20250414204348.cpp", "C++", 24, 0, 0, 1, 10, 35
"/home/kid-a/homeworks/compiler/lab2/.history/src/ll1_20250414204351.cpp", "C++", 24, 0, 0, 1, 10, 35
"/home/kid-a/homeworks/compiler/lab2/.history/src/ll1_20250414204447.cpp", "C++", 24, 0, 0, 1, 10, 35
"/home/kid-a/homeworks/compiler/lab2/.history/src/ll1_20250414204627.cpp", "C++", 25, 0, 0, 1, 9, 35
"/home/kid-a/homeworks/compiler/lab2/.history/src/ll1_20250414204632.cpp", "C++", 25, 0, 0, 1, 9, 35
"/home/kid-a/homeworks/compiler/lab2/.history/src/ll1_20250414204635.cpp", "C++", 25, 0, 0, 1, 9, 35
"/home/kid-a/homeworks/compiler/lab2/.history/src/ll1_20250414204636.cpp", "C++", 25, 0, 0, 1, 9, 35
"/home/kid-a/homeworks/compiler/lab2/.history/src/ll1_20250414204639.cpp", "C++", 25, 0, 0, 1, 9, 35
"/home/kid-a/homeworks/compiler/lab2/.history/src/ll1_20250414204706.cpp", "C++", 25, 0, 0, 1, 9, 35
"/home/kid-a/homeworks/compiler/lab2/.history/src/ll1_20250414204712.cpp", "C++", 25, 0, 0, 1, 9, 35
"/home/kid-a/homeworks/compiler/lab2/.history/src/ll1_20250414204714.cpp", "C++", 25, 0, 0, 1, 9, 35
"/home/kid-a/homeworks/compiler/lab2/.history/src/ll1_20250414204718.cpp", "C++", 25, 0, 0, 1, 10, 36
"/home/kid-a/homeworks/compiler/lab2/.history/src/ll1_20250414204737.cpp", "C++", 26, 0, 0, 1, 9, 36
"/home/kid-a/homeworks/compiler/lab2/.history/src/ll1_20250414204751.cpp", "C++", 26, 0, 0, 1, 9, 36
"/home/kid-a/homeworks/compiler/lab2/.history/src/ll1_20250414204753.cpp", "C++", 26, 0, 0, 1, 9, 36
"/home/kid-a/homeworks/compiler/lab2/.history/src/ll1_20250414204755.cpp", "C++", 26, 0, 0, 1, 9, 36
"/home/kid-a/homeworks/compiler/lab2/.history/src/ll1_20250414204757.cpp", "C++", 26, 0, 0, 1, 9, 36
"/home/kid-a/homeworks/compiler/lab2/.history/src/ll1_20250414204804.cpp", "C++", 28, 0, 0, 1, 9, 38
"/home/kid-a/homeworks/compiler/lab2/.history/src/ll1_20250414204810.cpp", "C++", 28, 0, 0, 1, 9, 38
"/home/kid-a/homeworks/compiler/lab2/.history/src/ll1_20250414204811.cpp", "C++", 29, 0, 0, 1, 10, 40
"/home/kid-a/homeworks/compiler/lab2/.history/src/ll1_20250414204816.cpp", "C++", 29, 0, 0, 1, 10, 40
"/home/kid-a/homeworks/compiler/lab2/.history/src/ll1_20250414204821.cpp", "C++", 30, 0, 0, 1, 9, 40
"/home/kid-a/homeworks/compiler/lab2/.history/src/ll1_20250414204826.cpp", "C++", 30, 0, 0, 1, 9, 40
"/home/kid-a/homeworks/compiler/lab2/.history/src/ll1_20250414204830.cpp", "C++", 30, 0, 0, 1, 9, 40
"/home/kid-a/homeworks/compiler/lab2/.history/src/ll1_20250414204834.cpp", "C++", 30, 0, 0, 1, 9, 40
"/home/kid-a/homeworks/compiler/lab2/.history/src/ll1_20250414204843.cpp", "C++", 30, 0, 0, 1, 10, 41
"/home/kid-a/homeworks/compiler/lab2/.history/src/ll1_20250414204848.cpp", "C++", 31, 0, 0, 1, 9, 41
"/home/kid-a/homeworks/compiler/lab2/.history/src/ll1_20250414204859.cpp", "C++", 31, 0, 0, 1, 9, 41
"/home/kid-a/homeworks/compiler/lab2/.history/src/ll1_20250414204904.cpp", "C++", 31, 0, 0, 1, 9, 41
"/home/kid-a/homeworks/compiler/lab2/.history/src/ll1_20250414204918.cpp", "C++", 31, 0, 0, 1, 9, 41
"/home/kid-a/homeworks/compiler/lab2/.history/src/ll1_20250414204922.cpp", "C++", 31, 0, 0, 1, 9, 41
"/home/kid-a/homeworks/compiler/lab2/.history/src/ll1_20250414204929.cpp", "C++", 30, 0, 0, 1, 10, 41
"/home/kid-a/homeworks/compiler/lab2/.history/src/ll1_20250414204947.cpp", "C++", 31, 0, 0, 1, 9, 41
"/home/kid-a/homeworks/compiler/lab2/.history/src/ll1_20250414204951.cpp", "C++", 31, 0, 0, 1, 9, 41
"/home/kid-a/homeworks/compiler/lab2/.history/src/ll1_20250414204953.cpp", "C++", 31, 0, 0, 1, 9, 41
"/home/kid-a/homeworks/compiler/lab2/.history/src/ll1_20250414204955.cpp", "C++", 31, 0, 0, 1, 9, 41
"/home/kid-a/homeworks/compiler/lab2/.history/src/ll1_20250414205032.cpp", "C++", 31, 0, 0, 1, 9, 41
"/home/kid-a/homeworks/compiler/lab2/.history/src/ll1_20250414205039.cpp", "C++", 31, 0, 0, 1, 10, 42
"/home/kid-a/homeworks/compiler/lab2/.history/src/ll1_20250414205101.cpp", "C++", 31, 0, 0, 1, 10, 42
"/home/kid-a/homeworks/compiler/lab2/.history/src/ll1_20250414205103.cpp", "C++", 32, 0, 0, 1, 9, 42
"/home/kid-a/homeworks/compiler/lab2/.history/src/ll1_20250414205109.cpp", "C++", 32, 0, 0, 1, 9, 42
"/home/kid-a/homeworks/compiler/lab2/.history/src/ll1_20250414205112.cpp", "C++", 32, 0, 0, 1, 9, 42
"/home/kid-a/homeworks/compiler/lab2/.history/src/ll1_20250414205128.cpp", "C++", 32, 0, 0, 1, 9, 42
"/home/kid-a/homeworks/compiler/lab2/.history/src/ll1_20250414205150.cpp", "C++", 32, 0, 0, 2, 9, 43
"/home/kid-a/homeworks/compiler/lab2/.history/src/ll1_20250414205155.cpp", "C++", 32, 0, 0, 2, 9, 43
"/home/kid-a/homeworks/compiler/lab2/.history/src/ll1_20250414205212.cpp", "C++", 32, 0, 0, 2, 9, 43
"/home/kid-a/homeworks/compiler/lab2/.history/src/ll1_20250414205215.cpp", "C++", 32, 0, 0, 2, 10, 44
"/home/kid-a/homeworks/compiler/lab2/.history/src/ll1_20250414205231.cpp", "C++", 32, 0, 0, 2, 10, 44
"/home/kid-a/homeworks/compiler/lab2/.history/src/ll1_20250414205246.cpp", "C++", 33, 0, 0, 2, 9, 44
"/home/kid-a/homeworks/compiler/lab2/.history/src/ll1_20250414205248.cpp", "C++", 33, 0, 0, 2, 9, 44
"/home/kid-a/homeworks/compiler/lab2/.history/src/ll1_20250414205254.cpp", "C++", 33, 0, 0, 2, 9, 44
"/home/kid-a/homeworks/compiler/lab2/.history/src/ll1_20250414205255.cpp", "C++", 33, 0, 0, 2, 9, 44
"/home/kid-a/homeworks/compiler/lab2/.history/src/ll1_20250414205337.cpp", "C++", 33, 0, 0, 2, 10, 45
"/home/kid-a/homeworks/compiler/lab2/.history/src/ll1_20250414205351.cpp", "C++", 33, 0, 0, 2, 10, 45
"/home/kid-a/homeworks/compiler/lab2/.history/src/ll1_20250414205353.cpp", "C++", 33, 0, 0, 2, 10, 45
"/home/kid-a/homeworks/compiler/lab2/.history/src/ll1_20250414205355.cpp", "C++", 33, 0, 0, 2, 10, 45
"/home/kid-a/homeworks/compiler/lab2/.history/src/ll1_20250414205401.cpp", "C++", 34, 0, 0, 2, 10, 46
"/home/kid-a/homeworks/compiler/lab2/.history/src/ll1_20250414205402.cpp", "C++", 34, 0, 0, 2, 10, 46
"/home/kid-a/homeworks/compiler/lab2/.history/src/ll1_20250414205416.cpp", "C++", 34, 0, 0, 2, 10, 46
"/home/kid-a/homeworks/compiler/lab2/.history/src/ll1_20250414205418.cpp", "C++", 34, 0, 0, 2, 10, 46
"/home/kid-a/homeworks/compiler/lab2/.history/src/ll1_20250414205422.cpp", "C++", 34, 0, 0, 2, 10, 46
"/home/kid-a/homeworks/compiler/lab2/.history/src/ll1_20250414205604.cpp", "C++", 34, 0, 0, 2, 9, 45
"/home/kid-a/homeworks/compiler/lab2/.history/src/ll1_20250414205617.cpp", "C++", 35, 0, 0, 2, 9, 46
"/home/kid-a/homeworks/compiler/lab2/.history/src/ll1_20250414205624.cpp", "C++", 35, 0, 0, 2, 9, 46
"/home/kid-a/homeworks/compiler/lab2/.history/src/ll1_20250414205626.cpp", "C++", 35, 0, 0, 2, 9, 46
"/home/kid-a/homeworks/compiler/lab2/.history/src/ll1_20250414205630.cpp", "C++", 35, 0, 0, 2, 9, 46
"/home/kid-a/homeworks/compiler/lab2/.history/src/ll1_20250414205637.cpp", "C++", 35, 0, 0, 2, 9, 46
"/home/kid-a/homeworks/compiler/lab2/.history/src/ll1_20250414205643.cpp", "C++", 35, 0, 0, 2, 9, 46
"/home/kid-a/homeworks/compiler/lab2/.history/src/ll1_20250414205646.cpp", "C++", 35, 0, 0, 2, 9, 46
"/home/kid-a/homeworks/compiler/lab2/.history/src/ll1_20250414205649.cpp", "C++", 35, 0, 0, 2, 9, 46
"/home/kid-a/homeworks/compiler/lab2/.history/src/ll1_20250414205652.cpp", "C++", 35, 0, 0, 2, 9, 46
"/home/kid-a/homeworks/compiler/lab2/.history/src/ll1_20250414205654.cpp", "C++", 35, 0, 0, 2, 9, 46
"/home/kid-a/homeworks/compiler/lab2/.history/src/ll1_20250414205931.cpp", "C++", 35, 0, 0, 2, 9, 46
"/home/kid-a/homeworks/compiler/lab2/.history/src/ll1_20250414205936.cpp", "C++", 35, 0, 0, 2, 9, 46
"/home/kid-a/homeworks/compiler/lab2/.history/src/ll1_20250414205948.cpp", "C++", 35, 0, 0, 2, 9, 46
"/home/kid-a/homeworks/compiler/lab2/.history/src/ll1_20250414205954.cpp", "C++", 35, 0, 0, 2, 9, 46
"/home/kid-a/homeworks/compiler/lab2/.history/src/ll1_20250414210001.cpp", "C++", 35, 0, 0, 2, 9, 46
"/home/kid-a/homeworks/compiler/lab2/.history/src/ll1_20250414210014.cpp", "C++", 35, 0, 0, 2, 9, 46
"/home/kid-a/homeworks/compiler/lab2/.history/src/ll1_20250414210019.cpp", "C++", 35, 0, 0, 2, 9, 46
"/home/kid-a/homeworks/compiler/lab2/.history/src/ll1_20250414210020.cpp", "C++", 35, 0, 0, 2, 9, 46
"/home/kid-a/homeworks/compiler/lab2/.history/src/ll1_20250414210025.cpp", "C++", 35, 0, 0, 2, 9, 46
"/home/kid-a/homeworks/compiler/lab2/.history/src/ll1_20250414210035.cpp", "C++", 35, 0, 0, 2, 9, 46
"/home/kid-a/homeworks/compiler/lab2/.history/src/ll1_20250414210040.cpp", "C++", 35, 0, 0, 2, 9, 46
"/home/kid-a/homeworks/compiler/lab2/.history/src/ll1_20250414210101.cpp", "C++", 35, 0, 0, 2, 9, 46
"/home/kid-a/homeworks/compiler/lab2/.history/src/ll1_20250414210107.cpp", "C++", 35, 0, 0, 2, 9, 46
"/home/kid-a/homeworks/compiler/lab2/.history/src/ll1_20250414210108.cpp", "C++", 35, 0, 0, 2, 9, 46
"/home/kid-a/homeworks/compiler/lab2/.history/src/ll1_20250414210111.cpp", "C++", 35, 0, 0, 2, 9, 46
"/home/kid-a/homeworks/compiler/lab2/.history/src/ll1_20250414210113.cpp", "C++", 35, 0, 0, 2, 9, 46
"/home/kid-a/homeworks/compiler/lab2/.history/src/ll1_20250414210116.cpp", "C++", 35, 0, 0, 2, 9, 46
"/home/kid-a/homeworks/compiler/lab2/.history/src/ll1_20250414210121.cpp", "C++", 35, 0, 0, 2, 9, 46
"/home/kid-a/homeworks/compiler/lab2/.history/src/ll1_20250414210134.cpp", "C++", 35, 0, 0, 2, 9, 46
"/home/kid-a/homeworks/compiler/lab2/.history/src/ll1_20250414210140.cpp", "C++", 37, 0, 0, 2, 9, 48
"/home/kid-a/homeworks/compiler/lab2/.history/src/ll1_20250414210143.cpp", "C++", 37, 0, 0, 2, 9, 48
"/home/kid-a/homeworks/compiler/lab2/.history/src/ll1_20250414210307.cpp", "C++", 37, 0, 0, 2, 9, 48
"/home/kid-a/homeworks/compiler/lab2/.history/src/ll1_20250414210438.cpp", "C++", 37, 0, 0, 2, 9, 48
"/home/kid-a/homeworks/compiler/lab2/.history/src/ll1_20250414210441.cpp", "C++", 35, 0, 0, 2, 9, 46
"/home/kid-a/homeworks/compiler/lab2/.history/src/ll1_20250414210754.cpp", "C++", 35, 0, 0, 3, 9, 47
"/home/kid-a/homeworks/compiler/lab2/.history/src/ll1_20250414210757.cpp", "C++", 35, 0, 0, 3, 9, 47
"/home/kid-a/homeworks/compiler/lab2/.history/src/ll1_20250414210803.cpp", "C++", 35, 0, 0, 3, 9, 47
"/home/kid-a/homeworks/compiler/lab2/.history/src/ll1_20250414210804.cpp", "C++", 35, 0, 0, 3, 9, 47
"/home/kid-a/homeworks/compiler/lab2/.history/src/ll1_20250414210808.cpp", "C++", 35, 0, 0, 3, 9, 47
"/home/kid-a/homeworks/compiler/lab2/.history/src/ll1_20250414210809.cpp", "C++", 35, 0, 0, 3, 9, 47
"/home/kid-a/homeworks/compiler/lab2/.history/src/ll1_20250414210816.cpp", "C++", 35, 0, 0, 3, 9, 47
"/home/kid-a/homeworks/compiler/lab2/.history/src/ll1_20250414210819.cpp", "C++", 35, 0, 0, 3, 9, 47
"/home/kid-a/homeworks/compiler/lab2/.history/src/ll1_20250414210858.cpp", "C++", 35, 0, 0, 4, 9, 48
"/home/kid-a/homeworks/compiler/lab2/.history/src/ll1_20250414210859.cpp", "C++", 35, 0, 0, 4, 9, 48
"/home/kid-a/homeworks/compiler/lab2/.history/src/ll1_20250414210903.cpp", "C++", 35, 0, 0, 4, 9, 48
"/home/kid-a/homeworks/compiler/lab2/.history/src/ll1_20250414210947.cpp", "C++", 35, 0, 0, 4, 9, 48
"/home/kid-a/homeworks/compiler/lab2/.history/src/ll1_20250414211007.cpp", "C++", 33, 0, 0, 4, 7, 44
"/home/kid-a/homeworks/compiler/lab2/.history/src/ll1_20250414211402.cpp", "C++", 33, 0, 0, 4, 7, 44
"/home/kid-a/homeworks/compiler/lab2/.history/src/ll1_20250414211407.cpp", "C++", 33, 0, 0, 4, 7, 44
"/home/kid-a/homeworks/compiler/lab2/.history/src/ll1_20250414211411.cpp", "C++", 33, 0, 0, 4, 7, 44
"/home/kid-a/homeworks/compiler/lab2/.history/src/ll1_20250414211413.cpp", "C++", 33, 0, 0, 4, 7, 44
"/home/kid-a/homeworks/compiler/lab2/.history/src/ll1_20250414211418.cpp", "C++", 33, 0, 0, 4, 7, 44
"/home/kid-a/homeworks/compiler/lab2/.history/src/ll1_20250414211421.cpp", "C++", 33, 0, 0, 4, 7, 44
"/home/kid-a/homeworks/compiler/lab2/.history/src/ll1_20250414211427.h", "C", 0, 18, 0, 5, 8, 31
"/home/kid-a/homeworks/compiler/lab2/.history/src/ll1_20250414211432.h", "C", 0, 18, 0, 5, 8, 31
"/home/kid-a/homeworks/compiler/lab2/.history/src/ll1_20250414211434.h", "C", 0, 18, 0, 5, 8, 31
"/home/kid-a/homeworks/compiler/lab2/.history/src/ll1_20250414211441.cpp", "C++", 34, 0, 0, 4, 8, 46
"/home/kid-a/homeworks/compiler/lab2/.history/src/ll1_20250414211445.cpp", "C++", 34, 0, 0, 4, 8, 46
"/home/kid-a/homeworks/compiler/lab2/.history/src/ll1_20250414211452.cpp", "C++", 34, 0, 0, 4, 8, 46
"/home/kid-a/homeworks/compiler/lab2/.history/src/ll1_20250414211506.cpp", "C++", 34, 0, 0, 4, 8, 46
"/home/kid-a/homeworks/compiler/lab2/.history/src/ll1_20250414211512.cpp", "C++", 34, 0, 0, 4, 8, 46
"/home/kid-a/homeworks/compiler/lab2/.history/src/ll1_20250414211518.cpp", "C++", 34, 0, 0, 4, 8, 46
"/home/kid-a/homeworks/compiler/lab2/.history/src/ll1_20250414211519.cpp", "C++", 34, 0, 0, 4, 8, 46
"/home/kid-a/homeworks/compiler/lab2/.history/src/ll1_20250414211525.cpp", "C++", 34, 0, 0, 4, 8, 46
"/home/kid-a/homeworks/compiler/lab2/.history/src/ll1_20250414211526.cpp", "C++", 35, 0, 0, 4, 9, 48
"/home/kid-a/homeworks/compiler/lab2/.history/src/ll1_20250414211530.cpp", "C++", 35, 0, 0, 4, 9, 48
"/home/kid-a/homeworks/compiler/lab2/.history/src/ll1_20250414211532.cpp", "C++", 36, 0, 0, 4, 8, 48
"/home/kid-a/homeworks/compiler/lab2/.history/src/ll1_20250414211534.cpp", "C++", 36, 0, 0, 4, 8, 48
"/home/kid-a/homeworks/compiler/lab2/.history/src/ll1_20250414211535.cpp", "C++", 36, 0, 0, 4, 8, 48
"/home/kid-a/homeworks/compiler/lab2/.history/src/ll1_20250414211540.cpp", "C++", 36, 0, 0, 4, 8, 48
"/home/kid-a/homeworks/compiler/lab2/.history/src/ll1_20250414211542.cpp", "C++", 36, 0, 0, 4, 8, 48
"/home/kid-a/homeworks/compiler/lab2/.history/src/ll1_20250414211605.cpp", "C++", 37, 0, 0, 4, 9, 50
"/home/kid-a/homeworks/compiler/lab2/.history/src/ll1_20250414211611.cpp", "C++", 37, 0, 0, 4, 9, 50
"/home/kid-a/homeworks/compiler/lab2/.history/src/ll1_20250414211614.cpp", "C++", 37, 0, 0, 4, 9, 50
"/home/kid-a/homeworks/compiler/lab2/.history/src/ll1_20250414211618.cpp", "C++", 38, 0, 0, 4, 8, 50
"/home/kid-a/homeworks/compiler/lab2/.history/src/ll1_20250414211621.cpp", "C++", 38, 0, 0, 4, 8, 50
"/home/kid-a/homeworks/compiler/lab2/.history/src/ll1_20250414211624.cpp", "C++", 38, 0, 0, 4, 8, 50
"/home/kid-a/homeworks/compiler/lab2/.history/src/ll1_20250414211625.cpp", "C++", 38, 0, 0, 4, 8, 50
"/home/kid-a/homeworks/compiler/lab2/.history/src/ll1_20250414211632.cpp", "C++", 38, 0, 0, 4, 8, 50
"/home/kid-a/homeworks/compiler/lab2/.history/src/ll1_20250414211815.h", "C", 0, 18, 0, 5, 8, 31
"/home/kid-a/homeworks/compiler/lab2/.history/src/ll1_20250414211821.h", "C", 0, 18, 0, 5, 8, 31
"/home/kid-a/homeworks/compiler/lab2/.history/src/ll1_20250414211823.h", "C", 0, 18, 0, 5, 8, 31
"/home/kid-a/homeworks/compiler/lab2/.history/src/ll1_20250414211826.cpp", "C++", 38, 0, 0, 4, 10, 52
"/home/kid-a/homeworks/compiler/lab2/.history/src/ll1_20250414211832.cpp", "C++", 39, 0, 0, 4, 9, 52
"/home/kid-a/homeworks/compiler/lab2/.history/src/ll1_20250414211835.cpp", "C++", 39, 0, 0, 4, 9, 52
"/home/kid-a/homeworks/compiler/lab2/.history/src/ll1_20250414211836.cpp", "C++", 39, 0, 0, 4, 9, 52
"/home/kid-a/homeworks/compiler/lab2/.history/src/ll1_20250414211841.cpp", "C++", 39, 0, 0, 4, 9, 52
"/home/kid-a/homeworks/compiler/lab2/.history/src/ll1_20250414211843.cpp", "C++", 40, 0, 0, 4, 10, 54
"/home/kid-a/homeworks/compiler/lab2/.history/src/ll1_20250414211849.cpp", "C++", 40, 0, 0, 4, 10, 54
"/home/kid-a/homeworks/compiler/lab2/.history/src/ll1_20250414211851.cpp", "C++", 40, 0, 0, 4, 10, 54
"/home/kid-a/homeworks/compiler/lab2/.history/src/ll1_20250414213355.cpp", "C++", 41, 0, 0, 5, 10, 56
"/home/kid-a/homeworks/compiler/lab2/.history/src/ll1_20250414213357.cpp", "C++", 41, 0, 0, 5, 10, 56
"/home/kid-a/homeworks/compiler/lab2/.history/src/ll1_20250414213400.cpp", "C++", 42, 0, 0, 5, 11, 58
"/home/kid-a/homeworks/compiler/lab2/.history/src/ll1_20250414213407.cpp", "C++", 43, 0, 0, 5, 11, 59
"/home/kid-a/homeworks/compiler/lab2/.history/src/ll1_20250414213413.cpp", "C++", 43, 0, 0, 5, 11, 59
"/home/kid-a/homeworks/compiler/lab2/.history/src/ll1_20250414213415.cpp", "C++", 43, 0, 0, 5, 11, 59
"/home/kid-a/homeworks/compiler/lab2/.history/src/ll1_20250414213416.cpp", "C++", 43, 0, 0, 5, 11, 59
"/home/kid-a/homeworks/compiler/lab2/.history/src/ll1_20250414213425.cpp", "C++", 43, 0, 0, 5, 11, 59
"/home/kid-a/homeworks/compiler/lab2/.history/src/ll1_20250414213426.cpp", "C++", 44, 0, 0, 5, 12, 61
"/home/kid-a/homeworks/compiler/lab2/.history/src/ll1_20250414213435.cpp", "C++", 45, 0, 0, 5, 11, 61
"/home/kid-a/homeworks/compiler/lab2/.history/src/ll1_20250414213438.cpp", "C++", 45, 0, 0, 5, 11, 61
"/home/kid-a/homeworks/compiler/lab2/.history/src/ll1_20250414213440.cpp", "C++", 45, 0, 0, 5, 11, 61
"/home/kid-a/homeworks/compiler/lab2/.history/src/ll1_20250414213443.cpp", "C++", 45, 0, 0, 5, 11, 61
"/home/kid-a/homeworks/compiler/lab2/.history/src/ll1_20250414213448.cpp", "C++", 45, 0, 0, 5, 11, 61
"/home/kid-a/homeworks/compiler/lab2/.history/src/ll1_20250414213451.cpp", "C++", 45, 0, 0, 5, 11, 61
"/home/kid-a/homeworks/compiler/lab2/.history/src/ll1_20250414213515.h", "C", 0, 18, 0, 5, 8, 31
"/home/kid-a/homeworks/compiler/lab2/.history/src/ll1_20250414213518.h", "C", 0, 19, 0, 5, 8, 32
"/home/kid-a/homeworks/compiler/lab2/.history/src/ll1_20250414213522.h", "C", 0, 19, 0, 5, 8, 32
"/home/kid-a/homeworks/compiler/lab2/.history/src/ll1_20250414213529.h", "C", 0, 19, 0, 5, 8, 32
"/home/kid-a/homeworks/compiler/lab2/.history/src/ll1_20250414213536.cpp", "C++", 45, 0, 0, 5, 11, 61
"/home/kid-a/homeworks/compiler/lab2/.history/src/ll1_20250414213540.cpp", "C++", 45, 0, 0, 5, 11, 61
"/home/kid-a/homeworks/compiler/lab2/.history/src/ll1_20250414213543.cpp", "C++", 45, 0, 0, 5, 11, 61
"/home/kid-a/homeworks/compiler/lab2/.history/src/ll1_20250414213625.cpp", "C++", 45, 0, 0, 5, 11, 61
"/home/kid-a/homeworks/compiler/lab2/.history/src/ll1_20250414213631.cpp", "C++", 45, 0, 0, 4, 11, 60
"/home/kid-a/homeworks/compiler/lab2/.history/src/ll1_20250414213815.h", "C", 0, 18, 0, 5, 8, 31
"/home/kid-a/homeworks/compiler/lab2/.history/src/ll1_20250414213822.h", "C", 0, 18, 0, 5, 8, 31
"/home/kid-a/homeworks/compiler/lab2/.history/src/ll1_20250414213835.h", "C", 0, 18, 0, 5, 8, 31
"/home/kid-a/homeworks/compiler/lab2/.history/src/ll1_20250414213838.h", "C", 0, 18, 0, 5, 8, 31
"/home/kid-a/homeworks/compiler/lab2/.history/src/ll1_20250414213854.cpp", "C++", 46, 0, 0, 4, 11, 61
"/home/kid-a/homeworks/compiler/lab2/.history/src/ll1_20250414213856.cpp", "C++", 46, 0, 0, 4, 11, 61
"/home/kid-a/homeworks/compiler/lab2/.history/src/ll1_20250414213858.cpp", "C++", 46, 0, 0, 4, 11, 61
"/home/kid-a/homeworks/compiler/lab2/.history/src/ll1_20250414213859.cpp", "C++", 46, 0, 0, 4, 11, 61
"/home/kid-a/homeworks/compiler/lab2/.history/src/ll1_20250414213903.cpp", "C++", 47, 0, 0, 4, 12, 63
"/home/kid-a/homeworks/compiler/lab2/.history/src/ll1_20250414213914.cpp", "C++", 47, 0, 0, 4, 12, 63
"/home/kid-a/homeworks/compiler/lab2/.history/src/ll1_20250414214046.cpp", "C++", 47, 0, 0, 4, 12, 63
"/home/kid-a/homeworks/compiler/lab2/.history/src/ll1_20250414214048.cpp", "C++", 47, 0, 0, 4, 12, 63
"/home/kid-a/homeworks/compiler/lab2/.history/src/ll1_20250414214049.cpp", "C++", 47, 0, 0, 4, 12, 63
"/home/kid-a/homeworks/compiler/lab2/.history/src/ll1_20250414214052.cpp", "C++", 47, 0, 0, 4, 12, 63
"/home/kid-a/homeworks/compiler/lab2/.history/src/ll1_20250414214137.cpp", "C++", 47, 0, 0, 4, 12, 63
"/home/kid-a/homeworks/compiler/lab2/.history/src/ll1_20250414214138.cpp", "C++", 47, 0, 0, 4, 12, 63
"/home/kid-a/homeworks/compiler/lab2/.history/src/ll1_20250414214140.cpp", "C++", 47, 0, 0, 4, 12, 63
"/home/kid-a/homeworks/compiler/lab2/.history/src/ll1_20250414214143.cpp", "C++", 47, 0, 0, 4, 12, 63
"/home/kid-a/homeworks/compiler/lab2/.history/src/ll1_20250414214237.cpp", "C++", 47, 0, 0, 4, 12, 63
"/home/kid-a/homeworks/compiler/lab2/.history/src/ll1_20250414214238.cpp", "C++", 47, 0, 0, 4, 12, 63
"/home/kid-a/homeworks/compiler/lab2/.history/src/ll1_20250414214245.cpp", "C++", 47, 0, 0, 4, 12, 63
"/home/kid-a/homeworks/compiler/lab2/.history/src/ll1_20250414214250.cpp", "C++", 47, 0, 0, 4, 12, 63
"/home/kid-a/homeworks/compiler/lab2/.history/src/ll1_20250414214252.cpp", "C++", 47, 0, 0, 4, 12, 63
"/home/kid-a/homeworks/compiler/lab2/.history/src/ll1_20250414214255.cpp", "C++", 47, 0, 0, 4, 12, 63
"/home/kid-a/homeworks/compiler/lab2/.history/src/ll1_20250414214258.cpp", "C++", 47, 0, 0, 4, 12, 63
"/home/kid-a/homeworks/compiler/lab2/.history/src/ll1_20250414214504.cpp", "C++", 48, 0, 0, 4, 11, 63
"/home/kid-a/homeworks/compiler/lab2/.history/src/ll1_20250414214509.cpp", "C++", 48, 0, 0, 4, 11, 63
"/home/kid-a/homeworks/compiler/lab2/.history/src/ll1_20250414214512.cpp", "C++", 48, 0, 0, 4, 11, 63
"/home/kid-a/homeworks/compiler/lab2/.history/src/ll1_20250414214517.cpp", "C++", 48, 0, 0, 4, 11, 63
"/home/kid-a/homeworks/compiler/lab2/.history/src/ll1_20250414214520.cpp", "C++", 48, 0, 0, 4, 11, 63
"/home/kid-a/homeworks/compiler/lab2/.history/src/ll1_20250414214545.cpp", "C++", 49, 0, 0, 4, 13, 66
"/home/kid-a/homeworks/compiler/lab2/.history/src/ll1_20250414214550.cpp", "C++", 49, 0, 0, 4, 13, 66
"/home/kid-a/homeworks/compiler/lab2/.history/src/ll1_20250414214559.cpp", "C++", 50, 0, 0, 4, 14, 68
"/home/kid-a/homeworks/compiler/lab2/.history/src/ll1_20250414214601.cpp", "C++", 51, 0, 0, 4, 13, 68
"/home/kid-a/homeworks/compiler/lab2/.history/src/ll1_20250414214603.cpp", "C++", 51, 0, 0, 4, 13, 68
"/home/kid-a/homeworks/compiler/lab2/.history/src/ll1_20250414214638.cpp", "C++", 51, 0, 0, 4, 13, 68
"/home/kid-a/homeworks/compiler/lab2/.history/src/ll1_20250414214643.cpp", "C++", 51, 0, 0, 4, 13, 68
"/home/kid-a/homeworks/compiler/lab2/.history/src/ll1_20250414214647.cpp", "C++", 51, 0, 0, 4, 13, 68
"/home/kid-a/homeworks/compiler/lab2/.history/src/ll1_20250414214650.cpp", "C++", 52, 0, 0, 4, 14, 70
"/home/kid-a/homeworks/compiler/lab2/.history/src/ll1_20250414214654.cpp", "C++", 53, 0, 0, 4, 13, 70
"/home/kid-a/homeworks/compiler/lab2/.history/src/ll1_20250414214656.cpp", "C++", 55, 0, 0, 4, 13, 72
"/home/kid-a/homeworks/compiler/lab2/.history/src/ll1_20250414214658.cpp", "C++", 55, 0, 0, 4, 13, 72
"/home/kid-a/homeworks/compiler/lab2/.history/src/ll1_20250414214701.cpp", "C++", 56, 0, 0, 4, 13, 73
"/home/kid-a/homeworks/compiler/lab2/.history/src/ll1_20250414214723.cpp", "C++", 56, 0, 0, 4, 13, 73
"/home/kid-a/homeworks/compiler/lab2/.history/src/ll1_20250414214725.cpp", "C++", 56, 0, 0, 4, 13, 73
"/home/kid-a/homeworks/compiler/lab2/.history/src/ll1_20250414214726.cpp", "C++", 56, 0, 0, 4, 13, 73
"/home/kid-a/homeworks/compiler/lab2/.history/src/ll1_20250414214733.cpp", "C++", 56, 0, 0, 4, 13, 73
"/home/kid-a/homeworks/compiler/lab2/.history/src/ll1_20250414214736.cpp", "C++", 56, 0, 0, 4, 13, 73
"/home/kid-a/homeworks/compiler/lab2/.history/src/ll1_20250414214808.cpp", "C++", 57, 0, 0, 4, 13, 74
"/home/kid-a/homeworks/compiler/lab2/.history/src/ll1_20250414214810.cpp", "C++", 58, 0, 0, 4, 13, 75
"/home/kid-a/homeworks/compiler/lab2/.history/src/ll1_20250414214816.cpp", "C++", 58, 0, 0, 4, 13, 75
"/home/kid-a/homeworks/compiler/lab2/.history/src/ll1_20250414214819.cpp", "C++", 58, 0, 0, 4, 13, 75
"/home/kid-a/homeworks/compiler/lab2/.history/src/ll1_20250414214933.cpp", "C++", 58, 0, 0, 4, 14, 76
"/home/kid-a/homeworks/compiler/lab2/.history/src/ll1_20250414214935.cpp", "C++", 58, 0, 0, 4, 14, 76
"/home/kid-a/homeworks/compiler/lab2/.history/src/ll1_20250414214942.cpp", "C++", 59, 0, 0, 4, 13, 76
"/home/kid-a/homeworks/compiler/lab2/.history/src/ll1_20250414214943.cpp", "C++", 59, 0, 0, 4, 13, 76
"/home/kid-a/homeworks/compiler/lab2/.history/src/ll1_20250414214951.cpp", "C++", 59, 0, 0, 4, 13, 76
"/home/kid-a/homeworks/compiler/lab2/.history/src/ll1_20250414214953.cpp", "C++", 59, 0, 0, 4, 13, 76
"/home/kid-a/homeworks/compiler/lab2/.history/src/ll1_20250414215000.cpp", "C++", 59, 0, 0, 4, 13, 76
"/home/kid-a/homeworks/compiler/lab2/.history/src/ll1_20250414215125.cpp", "C++", 54, 0, 0, 4, 13, 71
"/home/kid-a/homeworks/compiler/lab2/.history/src/ll1_20250414215141.h", "C", 0, 18, 0, 5, 8, 31
"/home/kid-a/homeworks/compiler/lab2/.history/src/ll1_20250414215145.h", "C", 0, 18, 0, 5, 8, 31
"/home/kid-a/homeworks/compiler/lab2/.history/src/ll1_20250414215159.cpp", "C++", 54, 0, 0, 4, 13, 71
"/home/kid-a/homeworks/compiler/lab2/.history/src/ll1_20250414215216.cpp", "C++", 98, 0, 0, 4, 16, 118
"/home/kid-a/homeworks/compiler/lab2/.history/src/ll1_20250414215221.cpp", "C++", 98, 0, 0, 4, 16, 118
"/home/kid-a/homeworks/compiler/lab2/.history/src/ll1_20250414215225.cpp", "C++", 98, 0, 0, 4, 16, 118
"/home/kid-a/homeworks/compiler/lab2/.history/src/ll1_20250414215234.cpp", "C++", 98, 0, 0, 4, 16, 118
"/home/kid-a/homeworks/compiler/lab2/.history/src/ll1_20250414215238.cpp", "C++", 98, 0, 0, 4, 16, 118
"/home/kid-a/homeworks/compiler/lab2/.history/src/ll1_20250414220221.cpp", "C++", 98, 0, 0, 4, 16, 118
"/home/kid-a/homeworks/compiler/lab2/.history/src/ll1_20250414224456.cpp", "C++", 54, 0, 0, 4, 13, 71
"/home/kid-a/homeworks/compiler/lab2/.history/src/ll1_20250414224502.cpp", "C++", 0, 0, 0, 58, 13, 71
"/home/kid-a/homeworks/compiler/lab2/.history/src/ll1_20250414224504.cpp", "C++", 199, 0, 0, 67, 35, 301
"/home/kid-a/homeworks/compiler/lab2/.history/src/ll1_20250414224648.cpp", "C++", 199, 0, 0, 67, 35, 301
"/home/kid-a/homeworks/compiler/lab2/.history/src/ll1_20250415090659.cpp", "C++", 199, 0, 0, 67, 35, 301
"/home/kid-a/homeworks/compiler/lab2/.history/src/ll1_20250415090702.cpp", "C++", 199, 0, 0, 67, 35, 301
"/home/kid-a/homeworks/compiler/lab2/.history/src/ll1_20250415090705.cpp", "C++", 199, 0, 0, 67, 35, 301
"/home/kid-a/homeworks/compiler/lab2/.history/src/ll1_20250415090706.cpp", "C++", 199, 0, 0, 67, 35, 301
"/home/kid-a/homeworks/compiler/lab2/.history/src/ll1_20250415090710.cpp", "C++", 199, 0, 0, 67, 35, 301
"/home/kid-a/homeworks/compiler/lab2/.history/src/ll1_20250415090757.cpp", "C++", 199, 0, 0, 67, 35, 301
"/home/kid-a/homeworks/compiler/lab2/.history/src/ll1_20250415090800.cpp", "C++", 199, 0, 0, 67, 35, 301
"/home/kid-a/homeworks/compiler/lab2/.history/src/ll1_20250415090816.cpp", "C++", 199, 0, 0, 67, 35, 301
"/home/kid-a/homeworks/compiler/lab2/.history/src/ll1_20250415090818.cpp", "C++", 199, 0, 0, 67, 35, 301
"/home/kid-a/homeworks/compiler/lab2/.history/src/ll1_20250415090829.cpp", "C++", 199, 0, 0, 67, 35, 301
"/home/kid-a/homeworks/compiler/lab2/.history/src/ll1_20250415090934.cpp", "C++", 199, 0, 0, 67, 35, 301
"/home/kid-a/homeworks/compiler/lab2/.history/src/ll1_20250415090937.cpp", "C++", 199, 0, 0, 67, 35, 301
"/home/kid-a/homeworks/compiler/lab2/.history/src/ll1_20250415090939.cpp", "C++", 199, 0, 0, 67, 35, 301
"/home/kid-a/homeworks/compiler/lab2/.history/src/ll1_20250415090948.cpp", "C++", 199, 0, 0, 67, 35, 301
"/home/kid-a/homeworks/compiler/lab2/.history/src/ll1_20250415090953.cpp", "C++", 199, 0, 0, 67, 35, 301
"/home/kid-a/homeworks/compiler/lab2/.history/src/ll1_20250415090956.cpp", "C++", 199, 0, 0, 67, 35, 301
"/home/kid-a/homeworks/compiler/lab2/.history/src/ll1_20250415091000.cpp", "C++", 199, 0, 0, 67, 35, 301
"/home/kid-a/homeworks/compiler/lab2/.history/src/ll1_20250415091004.cpp", "C++", 199, 0, 0, 67, 35, 301
"/home/kid-a/homeworks/compiler/lab2/.history/src/ll1_20250415091011.cpp", "C++", 199, 0, 0, 67, 35, 301
"/home/kid-a/homeworks/compiler/lab2/.history/src/ll1_20250415091028.cpp", "C++", 199, 0, 0, 67, 35, 301
"/home/kid-a/homeworks/compiler/lab2/.history/src/ll1_20250415091035.cpp", "C++", 199, 0, 0, 67, 35, 301
"/home/kid-a/homeworks/compiler/lab2/.history/src/ll1_20250415091038.cpp", "C++", 199, 0, 0, 67, 35, 301
"/home/kid-a/homeworks/compiler/lab2/.history/src/ll1_20250415091039.cpp", "C++", 199, 0, 0, 67, 35, 301
"/home/kid-a/homeworks/compiler/lab2/.history/src/ll1_20250415091043.cpp", "C++", 199, 0, 0, 67, 35, 301
"/home/kid-a/homeworks/compiler/lab2/.history/src/ll1_20250415091047.cpp", "C++", 199, 0, 0, 67, 35, 301
"/home/kid-a/homeworks/compiler/lab2/.history/src/ll1_20250415091051.cpp", "C++", 199, 0, 0, 67, 35, 301
"/home/kid-a/homeworks/compiler/lab2/.history/src/ll1_20250415091053.cpp", "C++", 199, 0, 0, 67, 35, 301
"/home/kid-a/homeworks/compiler/lab2/.history/src/ll1_20250415091056.cpp", "C++", 199, 0, 0, 67, 35, 301
"/home/kid-a/homeworks/compiler/lab2/.history/src/ll1_20250415091100.cpp", "C++", 199, 0, 0, 67, 35, 301
"/home/kid-a/homeworks/compiler/lab2/.history/src/ll1_20250415091102.cpp", "C++", 199, 0, 0, 67, 35, 301
"/home/kid-a/homeworks/compiler/lab2/.history/src/ll1_20250415091118.cpp", "C++", 199, 0, 0, 67, 35, 301
"/home/kid-a/homeworks/compiler/lab2/.history/src/ll1_20250415091124.cpp", "C++", 199, 0, 0, 67, 35, 301
"/home/kid-a/homeworks/compiler/lab2/.history/src/ll1_20250415091139.cpp", "C++", 199, 0, 0, 67, 35, 301
"/home/kid-a/homeworks/compiler/lab2/.history/src/ll1_20250415091148.cpp", "C++", 199, 0, 0, 67, 35, 301
"/home/kid-a/homeworks/compiler/lab2/.history/src/ll1_20250415091204.cpp", "C++", 199, 0, 0, 67, 35, 301
"/home/kid-a/homeworks/compiler/lab2/.history/src/ll1_20250415091208.cpp", "C++", 199, 0, 0, 67, 35, 301
"/home/kid-a/homeworks/compiler/lab2/.history/src/ll1_20250415091214.cpp", "C++", 199, 0, 0, 67, 35, 301
"/home/kid-a/homeworks/compiler/lab2/.history/src/ll1_20250415091316.cpp", "C++", 199, 0, 0, 67, 35, 301
"/home/kid-a/homeworks/compiler/lab2/.history/src/ll1_20250415091318.cpp", "C++", 199, 0, 0, 67, 35, 301
"/home/kid-a/homeworks/compiler/lab2/.history/src/ll1_20250415091354.cpp", "C++", 199, 0, 0, 67, 35, 301
"/home/kid-a/homeworks/compiler/lab2/.history/src/ll1_20250415091425.cpp", "C++", 199, 0, 0, 67, 35, 301
"/home/kid-a/homeworks/compiler/lab2/.history/src/ll1_20250415091429.cpp", "C++", 199, 0, 0, 67, 35, 301
"/home/kid-a/homeworks/compiler/lab2/.history/src/ll1_20250415091430.cpp", "C++", 199, 0, 0, 67, 35, 301
"/home/kid-a/homeworks/compiler/lab2/.history/src/ll1_20250415091432.cpp", "C++", 199, 0, 0, 67, 35, 301
"/home/kid-a/homeworks/compiler/lab2/.history/src/ll1_20250415091435.cpp", "C++", 199, 0, 0, 67, 35, 301
"/home/kid-a/homeworks/compiler/lab2/.history/src/ll1_20250415091438.cpp", "C++", 199, 0, 0, 67, 35, 301
"/home/kid-a/homeworks/compiler/lab2/.history/src/ll1_20250415091444.cpp", "C++", 199, 0, 0, 67, 35, 301
"/home/kid-a/homeworks/compiler/lab2/.history/src/ll1_20250415091447.cpp", "C++", 199, 0, 0, 67, 35, 301
"/home/kid-a/homeworks/compiler/lab2/.history/src/ll1_20250415091451.cpp", "C++", 199, 0, 0, 67, 35, 301
"/home/kid-a/homeworks/compiler/lab2/.history/src/ll1_20250415091459.cpp", "C++", 199, 0, 0, 67, 35, 301
"/home/kid-a/homeworks/compiler/lab2/.history/src/ll1_20250415091502.cpp", "C++", 199, 0, 0, 67, 35, 301
"/home/kid-a/homeworks/compiler/lab2/.history/src/ll1_20250415091505.cpp", "C++", 199, 0, 0, 67, 35, 301
"/home/kid-a/homeworks/compiler/lab2/.history/src/ll1_20250415093522.cpp", "C++", 199, 0, 0, 125, 49, 373
"/home/kid-a/homeworks/compiler/lab2/.history/src/ll1_20250415094615.cpp", "C++", 177, 0, 0, 123, 54, 354
"/home/kid-a/homeworks/compiler/lab2/.history/src/ll1_20250415095839.cpp", "C++", 177, 0, 0, 123, 54, 354
"/home/kid-a/homeworks/compiler/lab2/.history/src/ll1_20250415095841.cpp", "C++", 177, 0, 0, 123, 54, 354
"/home/kid-a/homeworks/compiler/lab2/.history/src/ll1_20250415095843.cpp", "C++", 177, 0, 0, 123, 54, 354
"/home/kid-a/homeworks/compiler/lab2/.history/src/ll1_20250415095922.cpp", "C++", 177, 0, 0, 123, 54, 354
"/home/kid-a/homeworks/compiler/lab2/.history/src/ll1_20250415095925.cpp", "C++", 177, 0, 0, 123, 54, 354
"/home/kid-a/homeworks/compiler/lab2/.history/src/ll1_20250415095929.cpp", "C++", 177, 0, 0, 123, 54, 354
"/home/kid-a/homeworks/compiler/lab2/.history/src/ll1_20250415100000.h", "C", 0, 18, 0, 5, 8, 31
"/home/kid-a/homeworks/compiler/lab2/.history/src/ll1_20250415100002.h", "C", 0, 18, 0, 5, 8, 31
"/home/kid-a/homeworks/compiler/lab2/.history/src/ll1_20250415100005.h", "C", 0, 18, 0, 5, 8, 31
"/home/kid-a/homeworks/compiler/lab2/.history/src/ll1_20250415100008.h", "C", 0, 18, 0, 5, 8, 31
"/home/kid-a/homeworks/compiler/lab2/.history/src/ll1_20250415100016.cpp", "C++", 177, 0, 0, 123, 54, 354
"/home/kid-a/homeworks/compiler/lab2/.history/src/ll1_20250415100020.cpp", "C++", 177, 0, 0, 123, 54, 354
"/home/kid-a/homeworks/compiler/lab2/.history/src/ll1_20250415100038.cpp", "C++", 177, 0, 0, 123, 54, 354
"/home/kid-a/homeworks/compiler/lab2/.history/src/ll1_20250415100101.cpp", "C++", 177, 0, 0, 123, 54, 354
"/home/kid-a/homeworks/compiler/lab2/.history/src/ll1_20250415100104.cpp", "C++", 177, 0, 0, 123, 54, 354
"/home/kid-a/homeworks/compiler/lab2/.history/src/ll1_20250415100117.cpp", "C++", 177, 0, 0, 123, 54, 354
"/home/kid-a/homeworks/compiler/lab2/.history/src/ll1_20250415100127.cpp", "C++", 177, 0, 0, 123, 54, 354
"/home/kid-a/homeworks/compiler/lab2/.history/src/ll1_20250415102246.cpp", "C++", 177, 0, 0, 123, 54, 354
"/home/kid-a/homeworks/compiler/lab2/.history/src/ll1_20250415102254.cpp", "C++", 177, 0, 0, 123, 54, 354
"/home/kid-a/homeworks/compiler/lab2/.history/src/ll1_20250415102301.cpp", "C++", 177, 0, 0, 123, 54, 354
"/home/kid-a/homeworks/compiler/lab2/.history/src/ll1_20250415102304.cpp", "C++", 177, 0, 0, 123, 54, 354
"/home/kid-a/homeworks/compiler/lab2/.history/src/ll1_20250415102336.cpp", "C++", 177, 0, 0, 123, 54, 354
"/home/kid-a/homeworks/compiler/lab2/.history/src/ll1_20250415102339.cpp", "C++", 177, 0, 0, 123, 54, 354
"/home/kid-a/homeworks/compiler/lab2/.history/src/ll1_20250415102351.cpp", "C++", 178, 0, 0, 123, 54, 355
"/home/kid-a/homeworks/compiler/lab2/.history/src/ll1_20250415102437.cpp", "C++", 178, 0, 0, 123, 54, 355
"/home/kid-a/homeworks/compiler/lab2/.history/src/ll1_20250415102444.cpp", "C++", 178, 0, 0, 123, 54, 355
"/home/kid-a/homeworks/compiler/lab2/.history/src/ll1_20250415102446.cpp", "C++", 178, 0, 0, 123, 54, 355
"/home/kid-a/homeworks/compiler/lab2/.history/src/ll1_20250415102448.cpp", "C++", 178, 0, 0, 123, 54, 355
"/home/kid-a/homeworks/compiler/lab2/.history/src/ll1_20250415102452.cpp", "C++", 178, 0, 0, 123, 54, 355
"/home/kid-a/homeworks/compiler/lab2/.history/src/ll1_20250415102459.cpp", "C++", 178, 0, 0, 123, 54, 355
"/home/kid-a/homeworks/compiler/lab2/.history/src/ll1_20250415102504.cpp", "C++", 178, 0, 0, 123, 54, 355
"/home/kid-a/homeworks/compiler/lab2/.history/src/ll1_20250415102510.cpp", "C++", 178, 0, 0, 123, 54, 355
"/home/kid-a/homeworks/compiler/lab2/.history/src/ll1_20250415102606.cpp", "C++", 178, 0, 0, 123, 54, 355
"/home/kid-a/homeworks/compiler/lab2/.history/src/ll1_20250415102610.cpp", "C++", 178, 0, 0, 123, 54, 355
"/home/kid-a/homeworks/compiler/lab2/.history/src/ll1_20250415102740.cpp", "C++", 178, 0, 0, 123, 54, 355
"/home/kid-a/homeworks/compiler/lab2/.history/src/ll1_20250415102741.cpp", "C++", 178, 0, 0, 123, 54, 355
"/home/kid-a/homeworks/compiler/lab2/.history/src/ll1_20250415102821.h", "C", 0, 19, 0, 6, 8, 33
"/home/kid-a/homeworks/compiler/lab2/.history/src/ll1_20250415102825.h", "C", 0, 19, 0, 6, 8, 33
"/home/kid-a/homeworks/compiler/lab2/.history/src/ll1_20250415102832.h", "C", 0, 19, 0, 6, 8, 33
"/home/kid-a/homeworks/compiler/lab2/.history/src/ll1_20250415102841.h", "C", 0, 19, 0, 6, 8, 33
"/home/kid-a/homeworks/compiler/lab2/.history/src/ll1_20250415102848.cpp", "C++", 178, 0, 0, 123, 54, 355
"/home/kid-a/homeworks/compiler/lab2/.history/src/ll1_20250415102903.cpp", "C++", 178, 0, 0, 123, 54, 355
"/home/kid-a/homeworks/compiler/lab2/.history/src/ll1_20250415102906.cpp", "C++", 178, 0, 0, 123, 54, 355
"/home/kid-a/homeworks/compiler/lab2/.history/src/ll1_20250415102907.cpp", "C++", 178, 0, 0, 123, 54, 355
"/home/kid-a/homeworks/compiler/lab2/.history/src/ll1_20250415102914.cpp", "C++", 178, 0, 0, 123, 54, 355
"/home/kid-a/homeworks/compiler/lab2/.history/src/ll1_20250415102918.cpp", "C++", 178, 0, 0, 123, 54, 355
"/home/kid-a/homeworks/compiler/lab2/.history/src/ll1_20250415103008.cpp", "C++", 178, 0, 0, 123, 54, 355
"/home/kid-a/homeworks/compiler/lab2/.history/src/ll1_20250415103011.cpp", "C++", 178, 0, 0, 123, 54, 355
"/home/kid-a/homeworks/compiler/lab2/.history/src/ll1_20250415103023.cpp", "C++", 178, 0, 0, 123, 54, 355
"/home/kid-a/homeworks/compiler/lab2/.history/src/ll1_20250415103025.cpp", "C++", 178, 0, 0, 123, 54, 355
"/home/kid-a/homeworks/compiler/lab2/.history/src/ll1_20250415103029.cpp", "C++", 178, 0, 0, 123, 54, 355
"/home/kid-a/homeworks/compiler/lab2/.history/src/ll1_20250415103039.cpp", "C++", 178, 0, 0, 123, 54, 355
"/home/kid-a/homeworks/compiler/lab2/.history/src/ll1_20250415103055.cpp", "C++", 178, 0, 0, 123, 54, 355
"/home/kid-a/homeworks/compiler/lab2/.history/src/ll1_20250415103100.h", "C", 0, 19, 0, 6, 8, 33
"/home/kid-a/homeworks/compiler/lab2/.history/src/ll1_20250415103103.h", "C", 0, 19, 0, 6, 8, 33
"/home/kid-a/homeworks/compiler/lab2/.history/src/ll1_20250415103107.cpp", "C++", 178, 0, 0, 123, 54, 355
"/home/kid-a/homeworks/compiler/lab2/.history/src/ll1_20250415103111.cpp", "C++", 178, 0, 0, 123, 54, 355
"/home/kid-a/homeworks/compiler/lab2/.history/src/ll1_20250415103131.cpp", "C++", 178, 0, 0, 123, 54, 355
"/home/kid-a/homeworks/compiler/lab2/.history/src/ll1_20250415103136.cpp", "C++", 178, 0, 0, 123, 54, 355
"/home/kid-a/homeworks/compiler/lab2/.history/src/ll1_20250415103143.h", "C", 0, 19, 0, 6, 8, 33
"/home/kid-a/homeworks/compiler/lab2/.history/src/ll1_20250415103146.h", "C", 0, 19, 0, 6, 8, 33
"/home/kid-a/homeworks/compiler/lab2/.history/src/ll1_20250415103150.h", "C", 0, 19, 0, 6, 8, 33
"/home/kid-a/homeworks/compiler/lab2/.history/src/ll1_20250415103150.hpp", "C++", 19, 0, 0, 6, 8, 33
"/home/kid-a/homeworks/compiler/lab2/.history/src/ll1_20250415103151.h", "C", 0, 19, 0, 6, 8, 33
"/home/kid-a/homeworks/compiler/lab2/.history/src/ll1_20250415103212.cpp", "C++", 178, 0, 0, 123, 54, 355
"/home/kid-a/homeworks/compiler/lab2/.history/src/ll1_20250415103218.cpp", "C++", 178, 0, 0, 123, 54, 355
"/home/kid-a/homeworks/compiler/lab2/.history/src/ll1_20250415103233.cpp", "C++", 178, 0, 0, 123, 54, 355
"/home/kid-a/homeworks/compiler/lab2/.history/src/ll1_20250415103249.hpp", "C++", 19, 0, 0, 6, 8, 33
"/home/kid-a/homeworks/compiler/lab2/.history/src/ll1_20250415103257.hpp", "C++", 19, 0, 0, 6, 8, 33
"/home/kid-a/homeworks/compiler/lab2/.history/src/ll1_20250415103259.hpp", "C++", 19, 0, 0, 6, 8, 33
"/home/kid-a/homeworks/compiler/lab2/.history/src/ll1_20250415103306.cpp", "C++", 178, 0, 0, 123, 54, 355
"/home/kid-a/homeworks/compiler/lab2/.history/src/ll1_20250415103310.cpp", "C++", 178, 0, 0, 123, 54, 355
"/home/kid-a/homeworks/compiler/lab2/.history/src/ll1_20250415103316.cpp", "C++", 178, 0, 0, 123, 54, 355
"/home/kid-a/homeworks/compiler/lab2/.history/src/ll1_20250415103317.cpp", "C++", 178, 0, 0, 123, 54, 355
"/home/kid-a/homeworks/compiler/lab2/.history/src/ll1_20250415103349.cpp", "C++", 201, 0, 0, 128, 59, 388
"/home/kid-a/homeworks/compiler/lab2/.history/src/ll1_20250415103351.cpp", "C++", 201, 0, 0, 128, 59, 388
"/home/kid-a/homeworks/compiler/lab2/.history/src/ll1_20250415103352.cpp", "C++", 201, 0, 0, 127, 59, 387
"/home/kid-a/homeworks/compiler/lab2/.history/src/ll1_20250415103355.cpp", "C++", 201, 0, 0, 126, 59, 386
"/home/kid-a/homeworks/compiler/lab2/.history/src/ll1_20250415103356.cpp", "C++", 201, 0, 0, 125, 59, 385
"/home/kid-a/homeworks/compiler/lab2/.history/src/ll1_20250415103358.cpp", "C++", 201, 0, 0, 124, 59, 384
"/home/kid-a/homeworks/compiler/lab2/.history/src/ll1_20250415103400.cpp", "C++", 201, 0, 0, 124, 59, 384
"/home/kid-a/homeworks/compiler/lab2/.history/src/ll1_20250415103401.cpp", "C++", 201, 0, 0, 123, 59, 383
"/home/kid-a/homeworks/compiler/lab2/.history/src/ll1_20250415103404.cpp", "C++", 201, 0, 0, 123, 59, 383
"/home/kid-a/homeworks/compiler/lab2/.history/src/ll1_20250415103428.hpp", "C++", 19, 0, 0, 6, 8, 33
"/home/kid-a/homeworks/compiler/lab2/.history/src/ll1_20250415103429.hpp", "C++", 19, 0, 0, 6, 8, 33
"/home/kid-a/homeworks/compiler/lab2/.history/src/ll1_20250415103432.hpp", "C++", 20, 0, 0, 6, 8, 34
"/home/kid-a/homeworks/compiler/lab2/.history/src/ll1_20250415103434.hpp", "C++", 20, 0, 0, 6, 8, 34
"/home/kid-a/homeworks/compiler/lab2/.history/src/ll1_20250415103437.hpp", "C++", 20, 0, 0, 6, 8, 34
"/home/kid-a/homeworks/compiler/lab2/.history/src/ll1_20250415103442.hpp", "C++", 20, 0, 0, 6, 8, 34
"/home/kid-a/homeworks/compiler/lab2/.history/src/ll1_20250415103450.cpp", "C++", 201, 0, 0, 123, 59, 383
"/home/kid-a/homeworks/compiler/lab2/.history/src/ll1_20250415103451.cpp", "C++", 201, 0, 0, 123, 59, 383
"/home/kid-a/homeworks/compiler/lab2/.history/src/ll1_20250415103455.cpp", "C++", 201, 0, 0, 123, 59, 383
"/home/kid-a/homeworks/compiler/lab2/.history/src/ll1_20250415103503.cpp", "C++", 201, 0, 0, 123, 59, 383
"/home/kid-a/homeworks/compiler/lab2/.history/src/ll1_20250415103505.cpp", "C++", 201, 0, 0, 123, 59, 383
"/home/kid-a/homeworks/compiler/lab2/.history/src/ll1_20250415103524.cpp", "C++", 201, 0, 0, 122, 59, 382
"/home/kid-a/homeworks/compiler/lab2/.history/src/ll1_20250415105206.cpp", "C++", 201, 0, 0, 122, 59, 382
"/home/kid-a/homeworks/compiler/lab2/.history/src/ll1_20250415105207.cpp", "C++", 201, 0, 0, 122, 59, 382
"/home/kid-a/homeworks/compiler/lab2/.history/src/ll1_20250415105221.cpp", "C++", 201, 0, 0, 122, 59, 382
"/home/kid-a/homeworks/compiler/lab2/.history/src/ll1_20250415105225.cpp", "C++", 201, 0, 0, 122, 59, 382
"/home/kid-a/homeworks/compiler/lab2/.history/src/ll1_20250415105230.cpp", "C++", 201, 0, 0, 122, 59, 382
"/home/kid-a/homeworks/compiler/lab2/.history/src/ll1_20250415105231.cpp", "C++", 201, 0, 0, 122, 59, 382
"/home/kid-a/homeworks/compiler/lab2/.history/src/ll1_20250415105705.cpp", "C++", 202, 0, 0, 122, 59, 383
"/home/kid-a/homeworks/compiler/lab2/.history/src/ll1_20250415105708.cpp", "C++", 203, 0, 0, 122, 59, 384
"/home/kid-a/homeworks/compiler/lab2/.history/src/ll1_20250415105717.cpp", "C++", 203, 0, 0, 122, 59, 384
"/home/kid-a/homeworks/compiler/lab2/.history/src/ll1_20250415105719.cpp", "C++", 203, 0, 0, 122, 59, 384
"/home/kid-a/homeworks/compiler/lab2/.history/src/ll1_20250415105726.cpp", "C++", 204, 0, 0, 122, 59, 385
"/home/kid-a/homeworks/compiler/lab2/.history/src/ll1_20250415105728.cpp", "C++", 204, 0, 0, 122, 59, 385
"/home/kid-a/homeworks/compiler/lab2/.history/src/ll1_20250415105736.cpp", "C++", 204, 0, 0, 122, 59, 385
"/home/kid-a/homeworks/compiler/lab2/.history/src/ll1_20250415105745.cpp", "C++", 205, 0, 0, 122, 59, 386
"/home/kid-a/homeworks/compiler/lab2/.history/src/ll1_20250415105757.cpp", "C++", 206, 0, 0, 122, 59, 387
"/home/kid-a/homeworks/compiler/lab2/.history/src/ll1_20250415105803.cpp", "C++", 206, 0, 0, 122, 59, 387
"/home/kid-a/homeworks/compiler/lab2/.history/src/ll1_20250415105805.cpp", "C++", 206, 0, 0, 122, 59, 387
"/home/kid-a/homeworks/compiler/lab2/.history/src/ll1_20250415105806.cpp", "C++", 206, 0, 0, 122, 59, 387
"/home/kid-a/homeworks/compiler/lab2/.history/src/ll1_20250415105832.cpp", "C++", 206, 0, 0, 122, 59, 387
"/home/kid-a/homeworks/compiler/lab2/.history/src/ll1_20250415105838.cpp", "C++", 206, 0, 0, 122, 59, 387
"/home/kid-a/homeworks/compiler/lab2/.history/src/ll1_20250415105849.cpp", "C++", 206, 0, 0, 122, 59, 387
"/home/kid-a/homeworks/compiler/lab2/.history/src/ll1_20250415105850.cpp", "C++", 206, 0, 0, 122, 59, 387
"/home/kid-a/homeworks/compiler/lab2/.history/src/ll1_20250415110630.cpp", "C++", 210, 0, 0, 128, 62, 400
"/home/kid-a/homeworks/compiler/lab2/.history/src/ll1_20250415110639.cpp", "C++", 210, 0, 0, 127, 62, 399
"/home/kid-a/homeworks/compiler/lab2/.history/src/ll1_20250415110641.cpp", "C++", 210, 0, 0, 126, 62, 398
"/home/kid-a/homeworks/compiler/lab2/.history/src/ll1_20250415110645.cpp", "C++", 210, 0, 0, 124, 62, 396
"/home/kid-a/homeworks/compiler/lab2/.history/src/ll1_20250415110646.cpp", "C++", 210, 0, 0, 123, 62, 395
"/home/kid-a/homeworks/compiler/lab2/.history/src/ll1_20250415110649.cpp", "C++", 210, 0, 0, 121, 62, 393
"/home/kid-a/homeworks/compiler/lab2/.history/src/ll1_20250415110655.cpp", "C++", 210, 0, 0, 121, 62, 393
"/home/kid-a/homeworks/compiler/lab2/.history/src/ll1_20250415110746.cpp", "C++", 211, 0, 0, 121, 62, 394
"/home/kid-a/homeworks/compiler/lab2/.history/src/ll1_20250415110748.cpp", "C++", 211, 0, 0, 121, 62, 394
"/home/kid-a/homeworks/compiler/lab2/.history/src/ll1_20250415110803.cpp", "C++", 210, 0, 0, 121, 63, 394
"/home/kid-a/homeworks/compiler/lab2/.history/src/ll1_20250415110806.cpp", "C++", 211, 0, 0, 121, 62, 394
"/home/kid-a/homeworks/compiler/lab2/.history/src/ll1_20250415110810.cpp", "C++", 211, 0, 0, 121, 62, 394
"/home/kid-a/homeworks/compiler/lab2/.history/src/ll1_20250415110813.cpp", "C++", 211, 0, 0, 121, 62, 394
"/home/kid-a/homeworks/compiler/lab2/.history/src/ll1_20250415110815.cpp", "C++", 211, 0, 0, 121, 62, 394
"/home/kid-a/homeworks/compiler/lab2/.history/src/ll1_20250415110817.cpp", "C++", 211, 0, 0, 121, 62, 394
"/home/kid-a/homeworks/compiler/lab2/.history/src/ll1_20250415110826.cpp", "C++", 211, 0, 0, 121, 62, 394
"/home/kid-a/homeworks/compiler/lab2/.history/src/ll1_20250415110847.cpp", "C++", 211, 0, 0, 121, 63, 395
"/home/kid-a/homeworks/compiler/lab2/.history/src/ll1_20250415110904.hpp", "C++", 20, 0, 0, 6, 8, 34
"/home/kid-a/homeworks/compiler/lab2/.history/src/ll1_20250415110906.hpp", "C++", 20, 0, 0, 6, 8, 34
"/home/kid-a/homeworks/compiler/lab2/.history/src/ll1_20250415110913.hpp", "C++", 20, 0, 0, 6, 8, 34
"/home/kid-a/homeworks/compiler/lab2/.history/src/ll1_20250415110917.hpp", "C++", 20, 0, 0, 6, 8, 34
"/home/kid-a/homeworks/compiler/lab2/.history/src/ll1_20250415110919.hpp", "C++", 20, 0, 0, 6, 8, 34
"/home/kid-a/homeworks/compiler/lab2/.history/src/ll1_20250415110924.cpp", "C++", 211, 0, 0, 121, 63, 395
"/home/kid-a/homeworks/compiler/lab2/.history/src/ll1_20250415110929.cpp", "C++", 211, 0, 0, 121, 63, 395
"/home/kid-a/homeworks/compiler/lab2/.history/src/ll1_20250415110933.cpp", "C++", 211, 0, 0, 121, 63, 395
"/home/kid-a/homeworks/compiler/lab2/.history/src/ll1_20250415110937.cpp", "C++", 211, 0, 0, 121, 63, 395
"/home/kid-a/homeworks/compiler/lab2/.history/src/ll1_20250415110943.cpp", "C++", 211, 0, 0, 121, 63, 395
"/home/kid-a/homeworks/compiler/lab2/.history/src/ll1_20250415110948.cpp", "C++", 211, 0, 0, 121, 63, 395
"/home/kid-a/homeworks/compiler/lab2/.history/src/ll1_20250415110954.cpp", "C++", 211, 0, 0, 121, 63, 395
"/home/kid-a/homeworks/compiler/lab2/.history/src/ll1_20250415110959.cpp", "C++", 211, 0, 0, 121, 63, 395
"/home/kid-a/homeworks/compiler/lab2/.history/src/ll1_20250415111004.cpp", "C++", 211, 0, 0, 121, 63, 395
"/home/kid-a/homeworks/compiler/lab2/.history/src/ll1_20250415111008.cpp", "C++", 211, 0, 0, 121, 63, 395
"/home/kid-a/homeworks/compiler/lab2/.history/src/ll1_20250415111010.cpp", "C++", 211, 0, 0, 121, 63, 395
"/home/kid-a/homeworks/compiler/lab2/.history/src/ll1_20250415111012.cpp", "C++", 211, 0, 0, 121, 63, 395
"/home/kid-a/homeworks/compiler/lab2/.history/src/ll1_20250415111015.cpp", "C++", 211, 0, 0, 121, 63, 395
"/home/kid-a/homeworks/compiler/lab2/.history/src/ll1_20250415111016.cpp", "C++", 211, 0, 0, 121, 63, 395
"/home/kid-a/homeworks/compiler/lab2/.history/src/ll1_20250415111022.cpp", "C++", 211, 0, 0, 121, 63, 395
"/home/kid-a/homeworks/compiler/lab2/.history/src/ll1_20250415111025.cpp", "C++", 211, 0, 0, 121, 63, 395
"/home/kid-a/homeworks/compiler/lab2/.history/src/ll1_20250415111052.cpp", "C++", 211, 0, 0, 121, 62, 394
"/home/kid-a/homeworks/compiler/lab2/.history/src/ll1_20250415111057.cpp", "C++", 211, 0, 0, 121, 62, 394
"/home/kid-a/homeworks/compiler/lab2/.history/src/ll1_20250415111107.hpp", "C++", 20, 0, 0, 6, 8, 34
"/home/kid-a/homeworks/compiler/lab2/.history/src/ll1_20250415111159.cpp", "C++", 211, 0, 0, 122, 62, 395
"/home/kid-a/homeworks/compiler/lab2/.history/src/ll1_20250415111204.cpp", "C++", 207, 0, 0, 126, 62, 395
"/home/kid-a/homeworks/compiler/lab2/.history/src/ll1_20250415111355.cpp", "C++", 207, 0, 0, 121, 62, 390
"/home/kid-a/homeworks/compiler/lab2/.history/src/ll1_20250415111431.cpp", "C++", 207, 0, 0, 121, 62, 390
"/home/kid-a/homeworks/compiler/lab2/.history/src/ll1_20250415111444.cpp", "C++", 207, 0, 0, 121, 62, 390
"/home/kid-a/homeworks/compiler/lab2/.history/src/ll1_20250415111448.cpp", "C++", 207, 0, 0, 121, 62, 390
"/home/kid-a/homeworks/compiler/lab2/.history/src/ll1_20250415111532.cpp", "C++", 207, 0, 0, 121, 62, 390
"/home/kid-a/homeworks/compiler/lab2/.history/src/ll1_20250415111605.cpp", "C++", 207, 0, 0, 121, 62, 390
"/home/kid-a/homeworks/compiler/lab2/.history/src/ll1_20250415111609.cpp", "C++", 207, 0, 0, 121, 62, 390
"/home/kid-a/homeworks/compiler/lab2/.history/src/ll1_20250415111612.cpp", "C++", 207, 0, 0, 121, 62, 390
"/home/kid-a/homeworks/compiler/lab2/.history/src/ll1_20250415111615.cpp", "C++", 207, 0, 0, 121, 62, 390
"/home/kid-a/homeworks/compiler/lab2/.history/src/ll1_20250415111642.cpp", "C++", 207, 0, 0, 121, 62, 390
"/home/kid-a/homeworks/compiler/lab2/.history/src/ll1_20250415111656.cpp", "C++", 207, 0, 0, 121, 62, 390
"/home/kid-a/homeworks/compiler/lab2/.history/src/ll1_20250415111659.cpp", "C++", 207, 0, 0, 121, 62, 390
"/home/kid-a/homeworks/compiler/lab2/.history/src/ll1_20250415111701.cpp", "C++", 207, 0, 0, 121, 62, 390
"/home/kid-a/homeworks/compiler/lab2/.history/src/ll1_20250415111813.cpp", "C++", 208, 0, 0, 121, 62, 391
"/home/kid-a/homeworks/compiler/lab2/.history/src/ll1_20250415111818.cpp", "C++", 208, 0, 0, 121, 62, 391
"/home/kid-a/homeworks/compiler/lab2/.history/src/ll1_20250415111822.cpp", "C++", 208, 0, 0, 121, 62, 391
"/home/kid-a/homeworks/compiler/lab2/.history/src/ll1_20250415111831.cpp", "C++", 208, 0, 0, 121, 62, 391
"/home/kid-a/homeworks/compiler/lab2/.history/src/ll1_20250415111833.cpp", "C++", 208, 0, 0, 121, 62, 391
"/home/kid-a/homeworks/compiler/lab2/.history/src/ll1_20250415111841.cpp", "C++", 208, 0, 0, 121, 62, 391
"/home/kid-a/homeworks/compiler/lab2/.history/src/ll1_20250415111843.cpp", "C++", 208, 0, 0, 121, 62, 391
"/home/kid-a/homeworks/compiler/lab2/.history/src/ll1_20250415111846.cpp", "C++", 208, 0, 0, 121, 62, 391
"/home/kid-a/homeworks/compiler/lab2/.history/src/ll1_20250415111849.cpp", "C++", 208, 0, 0, 121, 62, 391
"/home/kid-a/homeworks/compiler/lab2/.history/src/ll1_20250415111852.cpp", "C++", 208, 0, 0, 121, 62, 391
"/home/kid-a/homeworks/compiler/lab2/.history/src/ll1_20250415111854.cpp", "C++", 208, 0, 0, 121, 62, 391
"/home/kid-a/homeworks/compiler/lab2/.history/src/ll1_20250415112254.cpp", "C++", 208, 0, 0, 121, 62, 391
"/home/kid-a/homeworks/compiler/lab2/.history/src/ll1_20250415112258.cpp", "C++", 208, 0, 0, 121, 62, 391
"/home/kid-a/homeworks/compiler/lab2/.history/src/ll1_20250415112301.cpp", "C++", 208, 0, 0, 121, 62, 391
"/home/kid-a/homeworks/compiler/lab2/.history/src/ll1_20250415112306.cpp", "C++", 208, 0, 0, 121, 62, 391
"/home/kid-a/homeworks/compiler/lab2/.history/src/ll1_20250415112309.cpp", "C++", 208, 0, 0, 121, 62, 391
"/home/kid-a/homeworks/compiler/lab2/.history/src/ll1_20250415112314.cpp", "C++", 208, 0, 0, 121, 62, 391
"/home/kid-a/homeworks/compiler/lab2/.history/src/ll1_20250415112317.cpp", "C++", 208, 0, 0, 121, 62, 391
"/home/kid-a/homeworks/compiler/lab2/.history/src/ll1_20250415112352.cpp", "C++", 208, 0, 0, 121, 62, 391
"/home/kid-a/homeworks/compiler/lab2/.history/src/ll1_20250415112529.cpp", "C++", 208, 0, 0, 121, 62, 391
"/home/kid-a/homeworks/compiler/lab2/.history/src/ll1_20250415112536.cpp", "C++", 208, 0, 0, 121, 62, 391
"/home/kid-a/homeworks/compiler/lab2/.history/src/ll1_20250415112538.cpp", "C++", 208, 0, 0, 121, 62, 391
"/home/kid-a/homeworks/compiler/lab2/.history/src/ll1_20250415112607.cpp", "C++", 208, 0, 0, 121, 62, 391
"/home/kid-a/homeworks/compiler/lab2/.history/src/ll1_20250415112610.cpp", "C++", 208, 0, 0, 121, 62, 391
"/home/kid-a/homeworks/compiler/lab2/.history/src/ll1_20250415112612.cpp", "C++", 208, 0, 0, 121, 62, 391
"/home/kid-a/homeworks/compiler/lab2/.history/src/ll1_20250415112616.cpp", "C++", 208, 0, 0, 121, 62, 391
"/home/kid-a/homeworks/compiler/lab2/.history/src/ll1_20250415112618.cpp", "C++", 208, 0, 0, 121, 62, 391
"/home/kid-a/homeworks/compiler/lab2/.history/src/ll1_20250415112628.cpp", "C++", 208, 0, 0, 121, 62, 391
"/home/kid-a/homeworks/compiler/lab2/.history/src/ll1_20250415112631.cpp", "C++", 208, 0, 0, 121, 62, 391
"/home/kid-a/homeworks/compiler/lab2/.history/src/ll1_20250415112637.cpp", "C++", 208, 0, 0, 121, 62, 391
"/home/kid-a/homeworks/compiler/lab2/.history/src/ll1_20250415112641.cpp", "C++", 208, 0, 0, 121, 62, 391
"/home/kid-a/homeworks/compiler/lab2/.history/src/ll1_20250415112646.cpp", "C++", 208, 0, 0, 121, 62, 391
"/home/kid-a/homeworks/compiler/lab2/.history/src/ll1_20250415112650.cpp", "C++", 208, 0, 0, 121, 62, 391
"/home/kid-a/homeworks/compiler/lab2/.history/src/ll1_20250415112657.cpp", "C++", 208, 0, 0, 121, 62, 391
"/home/kid-a/homeworks/compiler/lab2/.history/src/ll1_20250415112710.cpp", "C++", 208, 0, 0, 121, 62, 391
"/home/kid-a/homeworks/compiler/lab2/.history/src/ll1_20250415112718.cpp", "C++", 208, 0, 0, 121, 62, 391
"/home/kid-a/homeworks/compiler/lab2/.history/src/ll1_20250415112758.cpp", "C++", 208, 0, 0, 121, 62, 391
"/home/kid-a/homeworks/compiler/lab2/.history/src/ll1_20250415112807.hpp", "C++", 20, 0, 0, 6, 8, 34
"/home/kid-a/homeworks/compiler/lab2/.history/src/ll1_20250415112922.cpp", "C++", 208, 0, 0, 121, 62, 391
"/home/kid-a/homeworks/compiler/lab2/.history/src/ll1_20250415112930.cpp", "C++", 208, 0, 0, 121, 62, 391
"/home/kid-a/homeworks/compiler/lab2/.history/src/ll1_20250415112934.cpp", "C++", 208, 0, 0, 121, 62, 391
"/home/kid-a/homeworks/compiler/lab2/.history/src/ll1_20250415112938.cpp", "C++", 208, 0, 0, 121, 62, 391
"/home/kid-a/homeworks/compiler/lab2/.history/src/ll1_20250415112942.cpp", "C++", 208, 0, 0, 121, 62, 391
"/home/kid-a/homeworks/compiler/lab2/.history/src/ll1_20250415112948.cpp", "C++", 208, 0, 0, 121, 62, 391
"/home/kid-a/homeworks/compiler/lab2/.history/src/ll1_20250415112953.cpp", "C++", 208, 0, 0, 121, 62, 391
"/home/kid-a/homeworks/compiler/lab2/.history/src/ll1_20250415112957.cpp", "C++", 208, 0, 0, 121, 62, 391
"/home/kid-a/homeworks/compiler/lab2/.history/src/ll1_20250415112958.cpp", "C++", 208, 0, 0, 121, 62, 391
"/home/kid-a/homeworks/compiler/lab2/.history/src/ll1_20250415113007.cpp", "C++", 208, 0, 0, 121, 62, 391
"/home/kid-a/homeworks/compiler/lab2/.history/src/ll1_20250415113013.cpp", "C++", 208, 0, 0, 121, 62, 391
"/home/kid-a/homeworks/compiler/lab2/.history/src/ll1_20250415113017.hpp", "C++", 20, 0, 0, 6, 8, 34
"/home/kid-a/homeworks/compiler/lab2/.history/src/ll1_20250415113143.cpp", "C++", 208, 0, 0, 121, 62, 391
"/home/kid-a/homeworks/compiler/lab2/.history/src/ll1_20250415113146.cpp", "C++", 208, 0, 0, 121, 62, 391
"/home/kid-a/homeworks/compiler/lab2/.history/src/ll1_20250415113201.cpp", "C++", 208, 0, 0, 121, 62, 391
"/home/kid-a/homeworks/compiler/lab2/.history/src/ll1_20250415113203.cpp", "C++", 208, 0, 0, 121, 62, 391
"/home/kid-a/homeworks/compiler/lab2/.history/src/ll1_20250415113524.cpp", "C++", 208, 0, 0, 121, 63, 392
"/home/kid-a/homeworks/compiler/lab2/.history/src/ll1_20250415113533.hpp", "C++", 20, 0, 0, 6, 6, 32
"/home/kid-a/homeworks/compiler/lab2/.history/src/ll1_20250415113610.cpp", "C++", 208, 0, 0, 120, 63, 391
"/home/kid-a/homeworks/compiler/lab2/.history/src/ll1_20250415113613.cpp", "C++", 208, 0, 0, 119, 63, 390
"/home/kid-a/homeworks/compiler/lab2/.history/src/ll1_20250415113620.cpp", "C++", 208, 0, 0, 119, 64, 391
"/home/kid-a/homeworks/compiler/lab2/.history/src/ll1_20250415113626.hpp", "C++", 20, 0, 0, 6, 7, 33
"/home/kid-a/homeworks/compiler/lab2/.history/src/ll1_20250415113902.hpp", "C++", 54, 0, 0, 13, 11, 78
"/home/kid-a/homeworks/compiler/lab2/.history/src/ll1_20250415113908.hpp", "C++", 20, 0, 0, 6, 7, 33
"/home/kid-a/homeworks/compiler/lab2/.history/src/ll1_20250415113914.cpp", "C++", 242, 0, 0, 126, 70, 438
"/home/kid-a/homeworks/compiler/lab2/.history/src/ll1_20250415113926.cpp", "C++", 233, 0, 0, 123, 69, 425
"/home/kid-a/homeworks/compiler/lab2/.history/src/ll1_20250415113928.cpp", "C++", 233, 0, 0, 123, 67, 423
"/home/kid-a/homeworks/compiler/lab2/.history/src/ll1_20250415113931.hpp", "C++", 29, 0, 0, 9, 8, 46
"/home/kid-a/homeworks/compiler/lab2/.history/src/ll1_20250415113934.hpp", "C++", 29, 0, 0, 9, 8, 46
"/home/kid-a/homeworks/compiler/lab2/.history/src/ll1_20250415113935.hpp", "C++", 29, 0, 0, 8, 8, 45
"/home/kid-a/homeworks/compiler/lab2/.history/src/ll1_20250415113937.hpp", "C++", 28, 0, 0, 8, 8, 44
"/home/kid-a/homeworks/compiler/lab2/.history/src/ll1_20250415113938.hpp", "C++", 27, 0, 0, 8, 8, 43
"/home/kid-a/homeworks/compiler/lab2/.history/src/ll1_20250415113939.hpp", "C++", 27, 0, 0, 8, 8, 43
"/home/kid-a/homeworks/compiler/lab2/.history/src/ll1_20250415113943.hpp", "C++", 27, 0, 0, 8, 8, 43
"/home/kid-a/homeworks/compiler/lab2/.history/src/ll1_20250415113945.hpp", "C++", 27, 0, 0, 8, 8, 43
"/home/kid-a/homeworks/compiler/lab2/.history/src/ll1_20250415113949.hpp", "C++", 27, 0, 0, 7, 8, 42
"/home/kid-a/homeworks/compiler/lab2/.history/src/ll1_20250415113950.hpp", "C++", 27, 0, 0, 6, 8, 41
"/home/kid-a/homeworks/compiler/lab2/.history/src/ll1_20250415113955.hpp", "C++", 26, 0, 0, 6, 8, 40
"/home/kid-a/homeworks/compiler/lab2/.history/src/ll1_20250415113957.hpp", "C++", 25, 0, 0, 6, 8, 39
"/home/kid-a/homeworks/compiler/lab2/.history/src/ll1_20250415113959.hpp", "C++", 25, 0, 0, 6, 8, 39
"/home/kid-a/homeworks/compiler/lab2/.history/src/ll1_20250415114003.hpp", "C++", 24, 0, 0, 6, 8, 38
"/home/kid-a/homeworks/compiler/lab2/.history/src/ll1_20250415114006.hpp", "C++", 24, 0, 0, 6, 8, 38
"/home/kid-a/homeworks/compiler/lab2/.history/src/ll1_20250415114008.hpp", "C++", 23, 0, 0, 6, 8, 37
"/home/kid-a/homeworks/compiler/lab2/.history/src/ll1_20250415114013.hpp", "C++", 23, 0, 0, 6, 8, 37
"/home/kid-a/homeworks/compiler/lab2/.history/src/ll1_20250415114019.hpp", "C++", 23, 0, 0, 6, 9, 38
"/home/kid-a/homeworks/compiler/lab2/.history/src/ll1_20250415114023.cpp", "C++", 233, 0, 0, 121, 67, 421
"/home/kid-a/homeworks/compiler/lab2/.history/src/ll1_20250415114025.cpp", "C++", 233, 0, 0, 120, 67, 420
"/home/kid-a/homeworks/compiler/lab2/.history/src/ll1_20250415114028.cpp", "C++", 233, 0, 0, 119, 67, 419
"/home/kid-a/homeworks/compiler/lab2/.history/src/ll1_20250415114035.hpp", "C++", 24, 0, 0, 6, 8, 38
"/home/kid-a/homeworks/compiler/lab2/.history/src/ll1_20250415114037.hpp", "C++", 24, 0, 0, 6, 8, 38
"/home/kid-a/homeworks/compiler/lab2/.history/src/ll1_20250415114039.hpp", "C++", 24, 0, 0, 6, 8, 38
"/home/kid-a/homeworks/compiler/lab2/.history/src/ll1_20250415114122.cpp", "C++", 232, 0, 0, 120, 67, 419
"/home/kid-a/homeworks/compiler/lab2/.history/src/ll1_20250415114124.cpp", "C++", 231, 0, 0, 121, 67, 419
"/home/kid-a/homeworks/compiler/lab2/.history/src/ll1_20250415114454.cpp", "C++", 231, 0, 0, 120, 67, 418
"/home/kid-a/homeworks/compiler/lab2/.history/src/ll1_20250415114457.cpp", "C++", 231, 0, 0, 118, 67, 416
"/home/kid-a/homeworks/compiler/lab2/.history/src/ll1_20250415114601.cpp", "C++", 231, 0, 0, 118, 67, 416
"/home/kid-a/homeworks/compiler/lab2/.history/src/ll1_20250415114608.cpp", "C++", 232, 0, 0, 118, 66, 416
"/home/kid-a/homeworks/compiler/lab2/.history/src/ll1_20250415114609.cpp", "C++", 232, 0, 0, 118, 66, 416
"/home/kid-a/homeworks/compiler/lab2/.history/src/ll1_20250415114611.cpp", "C++", 232, 0, 0, 118, 66, 416
"/home/kid-a/homeworks/compiler/lab2/.history/src/ll1_20250415114615.cpp", "C++", 232, 0, 0, 118, 66, 416
"/home/kid-a/homeworks/compiler/lab2/.history/src/ll1_20250415114640.cpp", "C++", 232, 0, 0, 119, 67, 418
"/home/kid-a/homeworks/compiler/lab2/.history/src/ll1_20250415114642.cpp", "C++", 232, 0, 0, 119, 67, 418
"/home/kid-a/homeworks/compiler/lab2/.history/src/ll1_20250415114643.cpp", "C++", 232, 0, 0, 119, 67, 418
"/home/kid-a/homeworks/compiler/lab2/.history/src/ll1_20250415114645.cpp", "C++", 233, 0, 0, 119, 67, 419
"/home/kid-a/homeworks/compiler/lab2/.history/src/ll1_20250415114648.cpp", "C++", 233, 0, 0, 119, 67, 419
"/home/kid-a/homeworks/compiler/lab2/.history/src/ll1_20250415114651.cpp", "C++", 233, 0, 0, 119, 67, 419
"/home/kid-a/homeworks/compiler/lab2/.history/src/ll1_20250415114716.cpp", "C++", 233, 0, 0, 119, 67, 419
"/home/kid-a/homeworks/compiler/lab2/.history/src/ll1_20250415114718.cpp", "C++", 233, 0, 0, 119, 67, 419
"/home/kid-a/homeworks/compiler/lab2/.history/src/ll1_20250415114722.cpp", "C++", 233, 0, 0, 119, 67, 419
"/home/kid-a/homeworks/compiler/lab2/.history/src/ll1_20250415114726.cpp", "C++", 233, 0, 0, 119, 67, 419
"/home/kid-a/homeworks/compiler/lab2/.history/src/ll1_20250415114730.cpp", "C++", 233, 0, 0, 119, 67, 419
"/home/kid-a/homeworks/compiler/lab2/.history/src/ll1_20250415114734.cpp", "C++", 233, 0, 0, 119, 67, 419
"/home/kid-a/homeworks/compiler/lab2/.history/src/ll1_20250415114754.cpp", "C++", 233, 0, 0, 119, 67, 419
"/home/kid-a/homeworks/compiler/lab2/.history/src/ll1_20250415114759.cpp", "C++", 233, 0, 0, 119, 67, 419
"/home/kid-a/homeworks/compiler/lab2/.history/src/ll1_20250415114802.cpp", "C++", 233, 0, 0, 119, 67, 419
"/home/kid-a/homeworks/compiler/lab2/.history/src/ll1_20250415114805.cpp", "C++", 233, 0, 0, 119, 67, 419
"/home/kid-a/homeworks/compiler/lab2/.history/src/ll1_20250415115701.cpp", "C++", 234, 0, 0, 119, 67, 420
"/home/kid-a/homeworks/compiler/lab2/.history/src/ll1_20250415115705.cpp", "C++", 234, 0, 0, 119, 67, 420
"/home/kid-a/homeworks/compiler/lab2/.history/src/ll1_20250415115708.cpp", "C++", 234, 0, 0, 119, 67, 420
"/home/kid-a/homeworks/compiler/lab2/.history/src/ll1_20250415115711.cpp", "C++", 234, 0, 0, 119, 67, 420
"/home/kid-a/homeworks/compiler/lab2/.history/src/ll1_20250415115712.cpp", "C++", 234, 0, 0, 119, 67, 420
"/home/kid-a/homeworks/compiler/lab2/.history/src/ll1_20250415115714.cpp", "C++", 234, 0, 0, 119, 67, 420
"/home/kid-a/homeworks/compiler/lab2/.history/src/ll1_20250415115717.cpp", "C++", 234, 0, 0, 119, 67, 420
"/home/kid-a/homeworks/compiler/lab2/.history/src/ll1_20250415115721.cpp", "C++", 234, 0, 0, 119, 67, 420
"/home/kid-a/homeworks/compiler/lab2/.history/src/ll1_20250415115753.cpp", "C++", 234, 0, 0, 119, 67, 420
"/home/kid-a/homeworks/compiler/lab2/.history/src/ll1_20250415115757.cpp", "C++", 234, 0, 0, 119, 67, 420
"/home/kid-a/homeworks/compiler/lab2/.history/src/ll1_20250415115803.cpp", "C++", 234, 0, 0, 119, 67, 420
"/home/kid-a/homeworks/compiler/lab2/.history/src/ll1_20250415115810.cpp", "C++", 234, 0, 0, 119, 67, 420
"/home/kid-a/homeworks/compiler/lab2/.history/src/ll1_20250415115813.cpp", "C++", 234, 0, 0, 119, 67, 420
"/home/kid-a/homeworks/compiler/lab2/.history/src/ll1_20250415115815.cpp", "C++", 234, 0, 0, 119, 67, 420
"/home/kid-a/homeworks/compiler/lab2/.history/src/ll1_20250415115817.cpp", "C++", 234, 0, 0, 119, 67, 420
"/home/kid-a/homeworks/compiler/lab2/.history/src/ll1_20250415115822.cpp", "C++", 234, 0, 0, 119, 67, 420
"/home/kid-a/homeworks/compiler/lab2/.history/src/ll1_20250415115838.cpp", "C++", 232, 0, 0, 119, 67, 418
"/home/kid-a/homeworks/compiler/lab2/.history/src/ll1_20250415122009.cpp", "C++", 233, 0, 0, 119, 67, 419
"/home/kid-a/homeworks/compiler/lab2/.history/src/ll1_20250415122012.cpp", "C++", 233, 0, 0, 119, 67, 419
"/home/kid-a/homeworks/compiler/lab2/.history/src/ll1_20250415122023.cpp", "C++", 234, 0, 0, 119, 67, 420
"/home/kid-a/homeworks/compiler/lab2/.history/src/ll1_20250415122028.cpp", "C++", 234, 0, 0, 119, 67, 420
"/home/kid-a/homeworks/compiler/lab2/.history/src/ll1_20250415122030.cpp", "C++", 234, 0, 0, 119, 67, 420
"/home/kid-a/homeworks/compiler/lab2/.history/src/ll1_20250415122037.cpp", "C++", 234, 0, 0, 119, 67, 420
"/home/kid-a/homeworks/compiler/lab2/.history/src/ll1_20250415122043.cpp", "C++", 234, 0, 0, 119, 67, 420
"/home/kid-a/homeworks/compiler/lab2/.history/src/ll1_20250415122044.cpp", "C++", 234, 0, 0, 119, 67, 420
"/home/kid-a/homeworks/compiler/lab2/.history/src/ll1_20250415122048.cpp", "C++", 234, 0, 0, 119, 67, 420
"/home/kid-a/homeworks/compiler/lab2/.history/src/ll1_20250415122053.cpp", "C++", 234, 0, 0, 119, 67, 420
"/home/kid-a/homeworks/compiler/lab2/.history/src/ll1_20250415122054.cpp", "C++", 234, 0, 0, 119, 67, 420
"/home/kid-a/homeworks/compiler/lab2/.history/src/ll1_20250415122055.cpp", "C++", 234, 0, 0, 119, 67, 420
"/home/kid-a/homeworks/compiler/lab2/.history/src/ll1_20250415122056.cpp", "C++", 234, 0, 0, 119, 67, 420
"/home/kid-a/homeworks/compiler/lab2/.history/src/ll1_20250415122057.cpp", "C++", 234, 0, 0, 119, 67, 420
"/home/kid-a/homeworks/compiler/lab2/.history/src/ll1_20250415122120.cpp", "C++", 234, 0, 0, 119, 67, 420
"/home/kid-a/homeworks/compiler/lab2/.history/src/ll1_20250415122122.cpp", "C++", 234, 0, 0, 119, 67, 420
"/home/kid-a/homeworks/compiler/lab2/.history/src/ll1_20250415122125.cpp", "C++", 234, 0, 0, 119, 67, 420
"/home/kid-a/homeworks/compiler/lab2/.history/src/ll1_20250415122130.cpp", "C++", 234, 0, 0, 119, 67, 420
"/home/kid-a/homeworks/compiler/lab2/.history/src/ll1_20250415122238.cpp", "C++", 234, 0, 0, 3, 41, 278
"/home/kid-a/homeworks/compiler/lab2/.history/src/ll1_20250415122240.cpp", "C++", 234, 0, 0, 3, 38, 275
"/home/kid-a/homeworks/compiler/lab2/.history/test/ll1_test_20250415104043.cpp", "C++", 2, 0, 0, 0, 2, 4
"/home/kid-a/homeworks/compiler/lab2/.history/test/ll1_test_20250415104058.cpp", "C++", 4, 0, 0, 0, 2, 6
"/home/kid-a/homeworks/compiler/lab2/.history/test/ll1_test_20250415104104.cpp", "C++", 25, 0, 0, 1, 5, 31
"/home/kid-a/homeworks/compiler/lab2/.history/test/ll1_test_20250415104110.cpp", "C++", 25, 0, 0, 1, 6, 32
"/home/kid-a/homeworks/compiler/lab2/.history/test/ll1_test_20250415104147.cpp", "C++", 25, 0, 0, 1, 6, 32
"/home/kid-a/homeworks/compiler/lab2/.history/test/ll1_test_20250415104148.cpp", "C++", 25, 0, 0, 1, 6, 32
"/home/kid-a/homeworks/compiler/lab2/.history/test/ll1_test_20250415104156.cpp", "C++", 25, 0, 0, 1, 6, 32
"/home/kid-a/homeworks/compiler/lab2/.history/test/ll1_test_20250415104206.cpp", "C++", 25, 0, 0, 1, 6, 32
"/home/kid-a/homeworks/compiler/lab2/.history/test/ll1_test_20250415104210.cpp", "C++", 25, 0, 0, 1, 6, 32
"/home/kid-a/homeworks/compiler/lab2/.history/test/ll1_test_20250415104217.cpp", "C++", 25, 0, 0, 1, 6, 32
"/home/kid-a/homeworks/compiler/lab2/.history/test/ll1_test_20250415104219.cpp", "C++", 25, 0, 0, 1, 6, 32
"/home/kid-a/homeworks/compiler/lab2/.history/test/ll1_test_20250415104220.cpp", "C++", 25, 0, 0, 1, 6, 32
"/home/kid-a/homeworks/compiler/lab2/.history/test/ll1_test_20250415104222.cpp", "C++", 25, 0, 0, 1, 6, 32
"/home/kid-a/homeworks/compiler/lab2/.history/test/ll1_test_20250415104226.cpp", "C++", 25, 0, 0, 1, 6, 32
"/home/kid-a/homeworks/compiler/lab2/.history/test/ll1_test_20250415104228.cpp", "C++", 25, 0, 0, 1, 6, 32
"/home/kid-a/homeworks/compiler/lab2/.history/test/ll1_test_20250415104240.cpp", "C++", 26, 0, 0, 1, 6, 33
"/home/kid-a/homeworks/compiler/lab2/.history/test/ll1_test_20250415104242.cpp", "C++", 26, 0, 0, 1, 6, 33
"/home/kid-a/homeworks/compiler/lab2/.history/test/ll1_test_20250415104246.cpp", "C++", 26, 0, 0, 1, 6, 33
"/home/kid-a/homeworks/compiler/lab2/.history/test/ll1_test_20250415104249.cpp", "C++", 26, 0, 0, 1, 6, 33
"/home/kid-a/homeworks/compiler/lab2/.history/test/ll1_test_20250415104252.cpp", "C++", 26, 0, 0, 1, 6, 33
"/home/kid-a/homeworks/compiler/lab2/.history/test/ll1_test_20250415104254.cpp", "C++", 26, 0, 0, 1, 6, 33
"/home/kid-a/homeworks/compiler/lab2/.history/test/ll1_test_20250415104257.cpp", "C++", 26, 0, 0, 1, 6, 33
"/home/kid-a/homeworks/compiler/lab2/.history/test/ll1_test_20250415104259.cpp", "C++", 26, 0, 0, 1, 6, 33
"/home/kid-a/homeworks/compiler/lab2/.history/test/ll1_test_20250415104302.cpp", "C++", 26, 0, 0, 1, 6, 33
"/home/kid-a/homeworks/compiler/lab2/.history/test/ll1_test_20250415104307.cpp", "C++", 26, 0, 0, 1, 6, 33
"/home/kid-a/homeworks/compiler/lab2/.history/test/ll1_test_20250415104312.cpp", "C++", 26, 0, 0, 1, 6, 33
"/home/kid-a/homeworks/compiler/lab2/.history/test/ll1_test_20250415104315.cpp", "C++", 27, 0, 0, 1, 6, 34
"/home/kid-a/homeworks/compiler/lab2/.history/test/ll1_test_20250415104329.cpp", "C++", 27, 0, 0, 1, 6, 34
"/home/kid-a/homeworks/compiler/lab2/.history/test/ll1_test_20250415104343.cpp", "C++", 27, 0, 0, 1, 6, 34
"/home/kid-a/homeworks/compiler/lab2/.history/test/ll1_test_20250415104355.cpp", "C++", 27, 0, 0, 1, 6, 34
"/home/kid-a/homeworks/compiler/lab2/.history/test/ll1_test_20250415104356.cpp", "C++", 27, 0, 0, 1, 6, 34
"/home/kid-a/homeworks/compiler/lab2/.history/test/ll1_test_20250415104358.cpp", "C++", 27, 0, 0, 1, 6, 34
"/home/kid-a/homeworks/compiler/lab2/.history/test/ll1_test_20250415104359.cpp", "C++", 27, 0, 0, 1, 6, 34
"/home/kid-a/homeworks/compiler/lab2/.history/test/ll1_test_20250415104406.cpp", "C++", 27, 0, 0, 1, 6, 34
"/home/kid-a/homeworks/compiler/lab2/.history/test/ll1_test_20250415104410.cpp", "C++", 27, 0, 0, 1, 6, 34
"/home/kid-a/homeworks/compiler/lab2/.history/test/ll1_test_20250415104411.cpp", "C++", 27, 0, 0, 1, 6, 34
"/home/kid-a/homeworks/compiler/lab2/.history/test/ll1_test_20250415104415.cpp", "C++", 27, 0, 0, 1, 6, 34
"/home/kid-a/homeworks/compiler/lab2/.history/test/ll1_test_20250415104417.cpp", "C++", 27, 0, 0, 1, 6, 34
"/home/kid-a/homeworks/compiler/lab2/.history/test/ll1_test_20250415104419.cpp", "C++", 27, 0, 0, 1, 6, 34
"/home/kid-a/homeworks/compiler/lab2/.history/test/ll1_test_20250415104421.cpp", "C++", 27, 0, 0, 1, 6, 34
"/home/kid-a/homeworks/compiler/lab2/.history/test/ll1_test_20250415104423.cpp", "C++", 27, 0, 0, 1, 6, 34
"/home/kid-a/homeworks/compiler/lab2/.history/test/ll1_test_20250415104427.cpp", "C++", 27, 0, 0, 1, 6, 34
"/home/kid-a/homeworks/compiler/lab2/.history/test/ll1_test_20250415104431.cpp", "C++", 27, 0, 0, 1, 6, 34
"/home/kid-a/homeworks/compiler/lab2/.history/test/ll1_test_20250415104433.cpp", "C++", 27, 0, 0, 1, 6, 34
"/home/kid-a/homeworks/compiler/lab2/.history/test/ll1_test_20250415104434.cpp", "C++", 27, 0, 0, 1, 6, 34
"/home/kid-a/homeworks/compiler/lab2/.history/test/ll1_test_20250415104436.cpp", "C++", 27, 0, 0, 1, 6, 34
"/home/kid-a/homeworks/compiler/lab2/.history/test/ll1_test_20250415104437.cpp", "C++", 27, 0, 0, 1, 6, 34
"/home/kid-a/homeworks/compiler/lab2/.history/test/ll1_test_20250415104440.cpp", "C++", 27, 0, 0, 1, 6, 34
"/home/kid-a/homeworks/compiler/lab2/.history/test/ll1_test_20250415104446.cpp", "C++", 27, 0, 0, 1, 6, 34
"/home/kid-a/homeworks/compiler/lab2/.history/test/ll1_test_20250415104447.cpp", "C++", 27, 0, 0, 1, 6, 34
"/home/kid-a/homeworks/compiler/lab2/.history/test/ll1_test_20250415104454.cpp", "C++", 27, 0, 0, 1, 6, 34
"/home/kid-a/homeworks/compiler/lab2/.history/test/ll1_test_20250415104507.cpp", "C++", 27, 0, 0, 0, 6, 33
"/home/kid-a/homeworks/compiler/lab2/.history/test/ll1_test_20250415104529.cpp", "C++", 27, 0, 0, 0, 6, 33
"/home/kid-a/homeworks/compiler/lab2/.history/test/ll1_test_20250415104531.cpp", "C++", 27, 0, 0, 0, 6, 33
"/home/kid-a/homeworks/compiler/lab2/.history/test/ll1_test_20250415104532.cpp", "C++", 27, 0, 0, 0, 6, 33
"/home/kid-a/homeworks/compiler/lab2/.history/test/ll1_test_20250415104534.cpp", "C++", 27, 0, 0, 0, 6, 33
"/home/kid-a/homeworks/compiler/lab2/.history/test/ll1_test_20250415104536.cpp", "C++", 27, 0, 0, 0, 6, 33
"/home/kid-a/homeworks/compiler/lab2/.history/test/ll1_test_20250415105635.cpp", "C++", 27, 0, 0, 0, 6, 33
"/home/kid-a/homeworks/compiler/lab2/.history/test/ll1_test_20250415105636.cpp", "C++", 27, 0, 0, 0, 6, 33
"/home/kid-a/homeworks/compiler/lab2/.history/test/ll1_test_20250415114047.cpp", "C++", 27, 0, 0, 0, 7, 34
"/home/kid-a/homeworks/compiler/lab2/.history/test/ll1_test_20250415114057.cpp", "C++", 28, 0, 0, 0, 8, 36
"/home/kid-a/homeworks/compiler/lab2/.history/test/ll1_test_20250415114908.cpp", "C++", 28, 0, 0, 0, 8, 36
"/home/kid-a/homeworks/compiler/lab2/.history/test/test_20250415104006.cpp", "C++", 0, 0, 0, 0, 1, 1
"/home/kid-a/homeworks/compiler/lab2/.history/test/test_20250415104010.cpp", "C++", 1, 0, 0, 0, 0, 1
"/home/kid-a/homeworks/compiler/lab2/.history/test/test_20250415104012.cpp", "C++", 1, 0, 0, 0, 0, 1
"/home/kid-a/homeworks/compiler/lab2/.history/test/test_20250415104016.cpp", "C++", 1, 0, 0, 0, 0, 1
"/home/kid-a/homeworks/compiler/lab2/.history/test/test_20250415104020.cpp", "C++", 1, 0, 0, 0, 1, 2
"/home/kid-a/homeworks/compiler/lab2/.history/test/test_20250415104022.cpp", "C++", 1, 0, 0, 0, 1, 2
"/home/kid-a/homeworks/compiler/lab2/.history/test/test_20250415104028.cpp", "C++", 1, 0, 0, 0, 1, 2
"/home/kid-a/homeworks/compiler/lab2/.history/test/test_20250415104030.cpp", "C++", 1, 0, 0, 0, 1, 2
"/home/kid-a/homeworks/compiler/lab2/.history/test/test_20250415104032.cpp", "C++", 2, 0, 0, 0, 0, 2
"/home/kid-a/homeworks/compiler/lab2/.history/test/test_20250415104036.cpp", "C++", 2, 0, 0, 0, 0, 2
"/home/kid-a/homeworks/compiler/lab2/.history/test/test_20250415104039.cpp", "C++", 2, 0, 0, 0, 0, 2
"/home/kid-a/homeworks/compiler/lab2/.history/test/test_20250415104041.cpp", "C++", 2, 0, 0, 0, 0, 2
"/home/kid-a/homeworks/compiler/lab2/.history/test/test_20250415104044.cpp", "C++", 2, 0, 0, 0, 2, 4
"/home/kid-a/homeworks/compiler/lab2/Makefile", "Makefile", 0, 0, 22, 13, 9, 44
"/home/kid-a/homeworks/compiler/lab2/src/defs.h", "C", 0, 76, 0, 0, 16, 92
"/home/kid-a/homeworks/compiler/lab2/src/ll1.cpp", "C++", 234, 0, 0, 3, 38, 275
"/home/kid-a/homeworks/compiler/lab2/src/ll1.hpp", "C++", 24, 0, 0, 6, 8, 38
"/home/kid-a/homeworks/compiler/lab2/src/lr.cpp", "C++", 0, 0, 0, 0, 1, 1
"/home/kid-a/homeworks/compiler/lab2/src/lr.hpp", "C++", 0, 0, 0, 0, 1, 1
"/home/kid-a/homeworks/compiler/lab2/test/ll1_test.cpp", "C++", 28, 0, 0, 0, 8, 36
"Total", "-", 79805, 16046, 22, 37698, 27412, 160983